number,request,deviation_count,uri,request_length,http_version,Socket_Connect_Time,Socket_Close_Time,Response_Time,status_code,reason_phrase,error_message,response_header_count,response_header_length,response_body_length,response_header_fields
0,"GET / HTTP/1.1
Host: www.roblox.com
User-Agent: Mozilla/5.0 (Windows NT 10.0; rv:102.0) Gecko/20100101 Firefox/102.0
Accept: text/html,application/xhtml+xml,application/xml;q=0.9,image/avif,image/webp,*/*;q=0.8
Accept-Encoding: gzip, deflate, br
Accept-Language: en-US,en;q=0.5
DNT: 1
Connection: keep-alive
Upgrade-Insecure-Requests: 1
Sec-Fetch-Dest: document
Sec-Fetch-Mode: navigate
Sec-Fetch-Site: cross-site

",0,/,428,HTTP/1.1,0.1923234462738037,0.11903858184814453,0.21838736534118652,200,OK,[''],16,16,13177,"{""cache-control"": ""private, must-revalidate"", ""content-type"": ""text/html; charset=utf-8"", ""content-encoding"": ""gzip"", ""vary"": ""Accept-Encoding"", ""strict-transport-security"": ""max-age=31536000; includeSubdomains"", ""set-cookie"": ""GuestData=UserID=-1371512964; domain=.roblox.com; expires=Wed, 15-Feb-2051 04:49:12 GMT; path=/"", ""cross-origin-opener-policy"": ""same-origin-allow-popups"", ""content-security-policy"": ""report-uri https://metrics.roblox.com/v1/csp/report?type=enforce; upgrade-insecure-requests; script-src 'self' 'unsafe-inline' roblox.com *.evidon.com *.gigya.com *.google-analytics.com *.ns1p.net adservice.google.com cdn.arkoselabs.com connect.facebook.net funcaptcha.com js.rbxcdn.com js.stripe.com long.open.weixin.qq.com midas.gtimg.cn radar.cedexis.com res.wx.qq.com roblox-api.arkoselabs.com roblox-load-generator-configuration.s3.us-east-2.amazonaws.com s.ytimg.com sb.scorecardresearch.com static.rbxcdn.com www.google.com www.gstatic.com www.youtube.com h.online-metrix.net request.eprotect.vantivcnp.com request.eprotect.vantivpostlive.com *.googletagmanager.com *.googleadservices.com googleads.g.doubleclick.net cdn.veriff.me *.lightstep.com client-api.arkoselabs.com api.arkoselabs.com; img-src 'self' data: *.cloudfront.net *.google-analytics.com *.google.com *.kaptcha.com *.rbxcdn.com *.roblox.com *.robloxlabs.com googleads.g.doubleclick.net i.ytimg.com www.googletagmanager.com; connect-src 'self' *.roblox.com *.robloxlabs.com *.rbx.com *.rbxcdn.com *.roblox.cn *.simulpong.com *.lightstep.com *.ns1p.net  *.arkoselabs.com *.kaptcha.com *.google.com *.google-analytics.com *.doubleclick.net *.sentry.io wss://realtime.roblox.com wss://realtime.sitetest1.robloxlabs.com wss://realtime.sitetest2.robloxlabs.com wss://realtime.sitetest3.robloxlabs.com wss://realtime-signalr.roblox.com *.braintree-api.com *.braintreegateway.com d1q2u37vreaobr.cloudfront.net funcaptcha.com;"", ""x-frame-options"": ""SAMEORIGIN"", ""p3p"": ""CP=\""CAO DSP COR CURa ADMa DEVa OUR IND PHY ONL UNI COM NAV INT DEM PRE\"""", ""date"": ""Fri, 29 Sep 2023 22:49:12 GMT"", ""content-length"": ""18405"", ""x-roblox-region"": ""us-central"", ""x-roblox-edge"": ""ams1"", ""report-to"": ""{\""group\"":\""network-errors\"",\""max_age\"":604800,\""endpoints\"":[{\""url\"":\""https://ncs.roblox.com/upload\""}]}"", ""nel"": ""{\""report_to\"":\""network-errors\"",\""max_age\"":604800,\""success_fraction\"":0.001,\""failure_fraction\"":1}""}"
1,"GET / HTTP/1.1
Host: www.roblox.com
User-Agent: Mozilla/5.0 (Windows NT 10.0; rv:102.0) Gecko/20100101 Firefox/102.0
Accept: text/html,application/xhtml+xml,application/xml;q=0.9,image/avif,image/webp,*/*;q=0.8
Accept-Encoding: gzip, deflate, br
Accept-Language: en-US,en;q=0.5
DNT: 1
Connection: keep-alive
Upgrade-Insecure-Requests: 1
Sec-Fetch-Dest: document
Sec-Fetch-Mode: navigate
Sec-Fetch-Site: cross-site

",0,/,428,HTTP/1.1,0.17421269416809082,0.11461663246154785,0.24020791053771973,200,OK,[''],16,16,12998,"{""cache-control"": ""private, must-revalidate"", ""content-type"": ""text/html; charset=utf-8"", ""content-encoding"": ""gzip"", ""vary"": ""Accept-Encoding"", ""strict-transport-security"": ""max-age=31536000; includeSubdomains"", ""set-cookie"": ""GuestData=UserID=-1264136007; domain=.roblox.com; expires=Wed, 15-Feb-2051 04:49:14 GMT; path=/"", ""cross-origin-opener-policy"": ""same-origin-allow-popups"", ""content-security-policy"": ""report-uri https://metrics.roblox.com/v1/csp/report?type=enforce; upgrade-insecure-requests; script-src 'self' 'unsafe-inline' roblox.com *.evidon.com *.gigya.com *.google-analytics.com *.ns1p.net adservice.google.com cdn.arkoselabs.com connect.facebook.net funcaptcha.com js.rbxcdn.com js.stripe.com long.open.weixin.qq.com midas.gtimg.cn radar.cedexis.com res.wx.qq.com roblox-api.arkoselabs.com roblox-load-generator-configuration.s3.us-east-2.amazonaws.com s.ytimg.com sb.scorecardresearch.com static.rbxcdn.com www.google.com www.gstatic.com www.youtube.com h.online-metrix.net request.eprotect.vantivcnp.com request.eprotect.vantivpostlive.com *.googletagmanager.com *.googleadservices.com googleads.g.doubleclick.net cdn.veriff.me *.lightstep.com client-api.arkoselabs.com api.arkoselabs.com; img-src 'self' data: *.cloudfront.net *.google-analytics.com *.google.com *.kaptcha.com *.rbxcdn.com *.roblox.com *.robloxlabs.com googleads.g.doubleclick.net i.ytimg.com www.googletagmanager.com; connect-src 'self' *.roblox.com *.robloxlabs.com *.rbx.com *.rbxcdn.com *.roblox.cn *.simulpong.com *.lightstep.com *.ns1p.net  *.arkoselabs.com *.kaptcha.com *.google.com *.google-analytics.com *.doubleclick.net *.sentry.io wss://realtime.roblox.com wss://realtime.sitetest1.robloxlabs.com wss://realtime.sitetest2.robloxlabs.com wss://realtime.sitetest3.robloxlabs.com wss://realtime-signalr.roblox.com *.braintree-api.com *.braintreegateway.com d1q2u37vreaobr.cloudfront.net funcaptcha.com;"", ""x-frame-options"": ""SAMEORIGIN"", ""p3p"": ""CP=\""CAO DSP COR CURa ADMa DEVa OUR IND PHY ONL UNI COM NAV INT DEM PRE\"""", ""date"": ""Fri, 29 Sep 2023 22:49:14 GMT"", ""content-length"": ""17777"", ""x-roblox-region"": ""us-central"", ""x-roblox-edge"": ""ams1"", ""report-to"": ""{\""group\"":\""network-errors\"",\""max_age\"":604800,\""endpoints\"":[{\""url\"":\""https://ncs.roblox.com/upload\""}]}"", ""nel"": ""{\""report_to\"":\""network-errors\"",\""max_age\"":604800,\""success_fraction\"":0.001,\""failure_fraction\"":1}""}"
2,"GET / HTTP/1.1
Host: www.roblox.com
User-Agent: Mozilla/5.0 (Windows NT 10.0; rv:102.0) Gecko/20100101 Firefox/102.0
Accept: text/html,application/xhtml+xml,application/xml;q=0.9,image/avif,image/webp,*/*;q=0.8
Accept-Encoding: gzip, deflate, br
Accept-Language: en-US,en;q=0.5
DNT: 1
Connection: keep-alive
Upgrade-Insecure-Requests: 1
Sec-Fetch-Dest: document
Sec-Fetch-Mode: navigate
Sec-Fetch-Site: cross-site

",0,/,428,HTTP/1.1,0.264967679977417,0.11844301223754883,0.2106161117553711,200,OK,[''],16,16,13023,"{""cache-control"": ""private, must-revalidate"", ""content-type"": ""text/html; charset=utf-8"", ""content-encoding"": ""gzip"", ""vary"": ""Accept-Encoding"", ""strict-transport-security"": ""max-age=31536000; includeSubdomains"", ""set-cookie"": ""GuestData=UserID=-52546850; domain=.roblox.com; expires=Wed, 15-Feb-2051 04:49:17 GMT; path=/"", ""cross-origin-opener-policy"": ""same-origin-allow-popups"", ""content-security-policy"": ""report-uri https://metrics.roblox.com/v1/csp/report?type=enforce; upgrade-insecure-requests; script-src 'self' 'unsafe-inline' roblox.com *.evidon.com *.gigya.com *.google-analytics.com *.ns1p.net adservice.google.com cdn.arkoselabs.com connect.facebook.net funcaptcha.com js.rbxcdn.com js.stripe.com long.open.weixin.qq.com midas.gtimg.cn radar.cedexis.com res.wx.qq.com roblox-api.arkoselabs.com roblox-load-generator-configuration.s3.us-east-2.amazonaws.com s.ytimg.com sb.scorecardresearch.com static.rbxcdn.com www.google.com www.gstatic.com www.youtube.com h.online-metrix.net request.eprotect.vantivcnp.com request.eprotect.vantivpostlive.com *.googletagmanager.com *.googleadservices.com googleads.g.doubleclick.net cdn.veriff.me *.lightstep.com client-api.arkoselabs.com api.arkoselabs.com; img-src 'self' data: *.cloudfront.net *.google-analytics.com *.google.com *.kaptcha.com *.rbxcdn.com *.roblox.com *.robloxlabs.com googleads.g.doubleclick.net i.ytimg.com www.googletagmanager.com; connect-src 'self' *.roblox.com *.robloxlabs.com *.rbx.com *.rbxcdn.com *.roblox.cn *.simulpong.com *.lightstep.com *.ns1p.net  *.arkoselabs.com *.kaptcha.com *.google.com *.google-analytics.com *.doubleclick.net *.sentry.io wss://realtime.roblox.com wss://realtime.sitetest1.robloxlabs.com wss://realtime.sitetest2.robloxlabs.com wss://realtime.sitetest3.robloxlabs.com wss://realtime-signalr.roblox.com *.braintree-api.com *.braintreegateway.com d1q2u37vreaobr.cloudfront.net funcaptcha.com;"", ""x-frame-options"": ""SAMEORIGIN"", ""p3p"": ""CP=\""CAO DSP COR CURa ADMa DEVa OUR IND PHY ONL UNI COM NAV INT DEM PRE\"""", ""date"": ""Fri, 29 Sep 2023 22:49:17 GMT"", ""content-length"": ""17775"", ""x-roblox-region"": ""us-central"", ""x-roblox-edge"": ""ams1"", ""report-to"": ""{\""group\"":\""network-errors\"",\""max_age\"":604800,\""endpoints\"":[{\""url\"":\""https://ncs.roblox.com/upload\""}]}"", ""nel"": ""{\""report_to\"":\""network-errors\"",\""max_age\"":604800,\""success_fraction\"":0.001,\""failure_fraction\"":1}""}"
3,"GET / HTTP/1.1
Host: www.roblox.com
User-Agent: Mozilla/5.0 (Windows NT 10.0; rv:102.0) Gecko/20100101 Firefox/102.0
Accept: text/html,application/xhtml+xml,application/xml;q=0.9,image/avif,image/webp,*/*;q=0.8
Accept-Encoding: gzip, deflate, br
Accept-Language: en-US,en;q=0.5
DNT: 1
Connection: keep-alive
Upgrade-Insecure-Requests: 1
Sec-Fetch-Dest: document
Sec-Fetch-Mode: navigate
Sec-Fetch-Site: cross-site

",0,/,428,HTTP/1.1,0.1340343952178955,0.140458345413208,0.3606281280517578,200,OK,[''],16,16,13180,"{""cache-control"": ""private, must-revalidate"", ""content-type"": ""text/html; charset=utf-8"", ""content-encoding"": ""gzip"", ""vary"": ""Accept-Encoding"", ""strict-transport-security"": ""max-age=31536000; includeSubdomains"", ""set-cookie"": ""GuestData=UserID=-1812128193; domain=.roblox.com; expires=Wed, 15-Feb-2051 04:49:19 GMT; path=/"", ""cross-origin-opener-policy"": ""same-origin-allow-popups"", ""content-security-policy"": ""report-uri https://metrics.roblox.com/v1/csp/report?type=enforce; upgrade-insecure-requests; script-src 'self' 'unsafe-inline' roblox.com *.evidon.com *.gigya.com *.google-analytics.com *.ns1p.net adservice.google.com cdn.arkoselabs.com connect.facebook.net funcaptcha.com js.rbxcdn.com js.stripe.com long.open.weixin.qq.com midas.gtimg.cn radar.cedexis.com res.wx.qq.com roblox-api.arkoselabs.com roblox-load-generator-configuration.s3.us-east-2.amazonaws.com s.ytimg.com sb.scorecardresearch.com static.rbxcdn.com www.google.com www.gstatic.com www.youtube.com h.online-metrix.net request.eprotect.vantivcnp.com request.eprotect.vantivpostlive.com *.googletagmanager.com *.googleadservices.com googleads.g.doubleclick.net cdn.veriff.me *.lightstep.com client-api.arkoselabs.com api.arkoselabs.com; img-src 'self' data: *.cloudfront.net *.google-analytics.com *.google.com *.kaptcha.com *.rbxcdn.com *.roblox.com *.robloxlabs.com googleads.g.doubleclick.net i.ytimg.com www.googletagmanager.com; connect-src 'self' *.roblox.com *.robloxlabs.com *.rbx.com *.rbxcdn.com *.roblox.cn *.simulpong.com *.lightstep.com *.ns1p.net  *.arkoselabs.com *.kaptcha.com *.google.com *.google-analytics.com *.doubleclick.net *.sentry.io wss://realtime.roblox.com wss://realtime.sitetest1.robloxlabs.com wss://realtime.sitetest2.robloxlabs.com wss://realtime.sitetest3.robloxlabs.com wss://realtime-signalr.roblox.com *.braintree-api.com *.braintreegateway.com d1q2u37vreaobr.cloudfront.net funcaptcha.com;"", ""x-frame-options"": ""SAMEORIGIN"", ""p3p"": ""CP=\""CAO DSP COR CURa ADMa DEVa OUR IND PHY ONL UNI COM NAV INT DEM PRE\"""", ""date"": ""Fri, 29 Sep 2023 22:49:18 GMT"", ""content-length"": ""18403"", ""x-roblox-region"": ""us-central"", ""x-roblox-edge"": ""ams1"", ""report-to"": ""{\""group\"":\""network-errors\"",\""max_age\"":604800,\""endpoints\"":[{\""url\"":\""https://ncs.roblox.com/upload\""}]}"", ""nel"": ""{\""report_to\"":\""network-errors\"",\""max_age\"":604800,\""success_fraction\"":0.001,\""failure_fraction\"":1}""}"
4,"GET / HTTP/1.1
Host: www.roblox.com
User-Agent: Mozilla/5.0 (Windows NT 10.0; rv:102.0) Gecko/20100101 Firefox/102.0
Accept: text/html,application/xhtml+xml,application/xml;q=0.9,image/avif,image/webp,*/*;q=0.8
Accept-Encoding: gzip, deflate, br
Accept-Language: en-US,en;q=0.5
DNT: 1
Connection: keep-alive
Upgrade-Insecure-Requests: 1
Sec-Fetch-Dest: document
Sec-Fetch-Mode: navigate
Sec-Fetch-Site: cross-site

",0,/,428,HTTP/1.1,0.15386652946472168,0.11127924919128418,0.22245144844055176,200,OK,[''],16,16,13145,"{""cache-control"": ""private, must-revalidate"", ""content-type"": ""text/html; charset=utf-8"", ""content-encoding"": ""gzip"", ""vary"": ""Accept-Encoding"", ""strict-transport-security"": ""max-age=31536000; includeSubdomains"", ""set-cookie"": ""GuestData=UserID=-1521549949; domain=.roblox.com; expires=Wed, 15-Feb-2051 04:49:21 GMT; path=/"", ""cross-origin-opener-policy"": ""same-origin-allow-popups"", ""content-security-policy"": ""report-uri https://metrics.roblox.com/v1/csp/report?type=enforce; upgrade-insecure-requests; script-src 'self' 'unsafe-inline' roblox.com *.evidon.com *.gigya.com *.google-analytics.com *.ns1p.net adservice.google.com cdn.arkoselabs.com connect.facebook.net funcaptcha.com js.rbxcdn.com js.stripe.com long.open.weixin.qq.com midas.gtimg.cn radar.cedexis.com res.wx.qq.com roblox-api.arkoselabs.com roblox-load-generator-configuration.s3.us-east-2.amazonaws.com s.ytimg.com sb.scorecardresearch.com static.rbxcdn.com www.google.com www.gstatic.com www.youtube.com h.online-metrix.net request.eprotect.vantivcnp.com request.eprotect.vantivpostlive.com *.googletagmanager.com *.googleadservices.com googleads.g.doubleclick.net cdn.veriff.me *.lightstep.com client-api.arkoselabs.com api.arkoselabs.com; img-src 'self' data: *.cloudfront.net *.google-analytics.com *.google.com *.kaptcha.com *.rbxcdn.com *.roblox.com *.robloxlabs.com googleads.g.doubleclick.net i.ytimg.com www.googletagmanager.com; connect-src 'self' *.roblox.com *.robloxlabs.com *.rbx.com *.rbxcdn.com *.roblox.cn *.simulpong.com *.lightstep.com *.ns1p.net  *.arkoselabs.com *.kaptcha.com *.google.com *.google-analytics.com *.doubleclick.net *.sentry.io wss://realtime.roblox.com wss://realtime.sitetest1.robloxlabs.com wss://realtime.sitetest2.robloxlabs.com wss://realtime.sitetest3.robloxlabs.com wss://realtime-signalr.roblox.com *.braintree-api.com *.braintreegateway.com d1q2u37vreaobr.cloudfront.net funcaptcha.com;"", ""x-frame-options"": ""SAMEORIGIN"", ""p3p"": ""CP=\""CAO DSP COR CURa ADMa DEVa OUR IND PHY ONL UNI COM NAV INT DEM PRE\"""", ""date"": ""Fri, 29 Sep 2023 22:49:21 GMT"", ""content-length"": ""18396"", ""x-roblox-region"": ""us-central"", ""x-roblox-edge"": ""ams1"", ""report-to"": ""{\""group\"":\""network-errors\"",\""max_age\"":604800,\""endpoints\"":[{\""url\"":\""https://ncs.roblox.com/upload\""}]}"", ""nel"": ""{\""report_to\"":\""network-errors\"",\""max_age\"":604800,\""success_fraction\"":0.001,\""failure_fraction\"":1}""}"
5,"GET / HTTP/1.1
Host: www.roblox.com
User-Agent: Mozilla/5.0 (Windows NT 10.0; rv:102.0) Gecko/20100101 Firefox/102.0
Accept: text/html,application/xhtml+xml,application/xml;q=0.9,image/avif,image/webp,*/*;q=0.8
Accept-Encoding: gzip, deflate, br
Accept-Language: en-US,en;q=0.5
DNT: 1
Connection: keep-alive
Upgrade-Insecure-Requests: 1
Sec-Fetch-Dest: document
Sec-Fetch-Mode: navigate
Sec-Fetch-Site: cross-site

",0,/,428,HTTP/1.1,0.10644125938415527,0.12734198570251465,0.2375774383544922,200,OK,[''],16,16,13049,"{""cache-control"": ""private, must-revalidate"", ""content-type"": ""text/html; charset=utf-8"", ""content-encoding"": ""gzip"", ""vary"": ""Accept-Encoding"", ""strict-transport-security"": ""max-age=31536000; includeSubdomains"", ""set-cookie"": ""GuestData=UserID=-888823671; domain=.roblox.com; expires=Wed, 15-Feb-2051 04:49:23 GMT; path=/"", ""cross-origin-opener-policy"": ""same-origin-allow-popups"", ""content-security-policy"": ""report-uri https://metrics.roblox.com/v1/csp/report?type=enforce; upgrade-insecure-requests; script-src 'self' 'unsafe-inline' roblox.com *.evidon.com *.gigya.com *.google-analytics.com *.ns1p.net adservice.google.com cdn.arkoselabs.com connect.facebook.net funcaptcha.com js.rbxcdn.com js.stripe.com long.open.weixin.qq.com midas.gtimg.cn radar.cedexis.com res.wx.qq.com roblox-api.arkoselabs.com roblox-load-generator-configuration.s3.us-east-2.amazonaws.com s.ytimg.com sb.scorecardresearch.com static.rbxcdn.com www.google.com www.gstatic.com www.youtube.com h.online-metrix.net request.eprotect.vantivcnp.com request.eprotect.vantivpostlive.com *.googletagmanager.com *.googleadservices.com googleads.g.doubleclick.net cdn.veriff.me *.lightstep.com client-api.arkoselabs.com api.arkoselabs.com; img-src 'self' data: *.cloudfront.net *.google-analytics.com *.google.com *.kaptcha.com *.rbxcdn.com *.roblox.com *.robloxlabs.com googleads.g.doubleclick.net i.ytimg.com www.googletagmanager.com; connect-src 'self' *.roblox.com *.robloxlabs.com *.rbx.com *.rbxcdn.com *.roblox.cn *.simulpong.com *.lightstep.com *.ns1p.net  *.arkoselabs.com *.kaptcha.com *.google.com *.google-analytics.com *.doubleclick.net *.sentry.io wss://realtime.roblox.com wss://realtime.sitetest1.robloxlabs.com wss://realtime.sitetest2.robloxlabs.com wss://realtime.sitetest3.robloxlabs.com wss://realtime-signalr.roblox.com *.braintree-api.com *.braintreegateway.com d1q2u37vreaobr.cloudfront.net funcaptcha.com;"", ""x-frame-options"": ""SAMEORIGIN"", ""p3p"": ""CP=\""CAO DSP COR CURa ADMa DEVa OUR IND PHY ONL UNI COM NAV INT DEM PRE\"""", ""date"": ""Fri, 29 Sep 2023 22:49:23 GMT"", ""content-length"": ""17775"", ""x-roblox-region"": ""us-central"", ""x-roblox-edge"": ""ams1"", ""report-to"": ""{\""group\"":\""network-errors\"",\""max_age\"":604800,\""endpoints\"":[{\""url\"":\""https://ncs.roblox.com/upload\""}]}"", ""nel"": ""{\""report_to\"":\""network-errors\"",\""max_age\"":604800,\""success_fraction\"":0.001,\""failure_fraction\"":1}""}"
6,"GET / HTTP/1.1
Host: www.roblox.com
User-Agent: Mozilla/5.0 (Windows NT 10.0; rv:102.0) Gecko/20100101 Firefox/102.0
Accept: text/html,application/xhtml+xml,application/xml;q=0.9,image/avif,image/webp,*/*;q=0.8
Accept-Encoding: gzip, deflate, br
Accept-Language: en-US,en;q=0.5
DNT: 1
Connection: keep-alive
Upgrade-Insecure-Requests: 1
Sec-Fetch-Dest: document
Sec-Fetch-Mode: navigate
Sec-Fetch-Site: cross-site

",0,/,428,HTTP/1.1,0.16933321952819824,0.10856080055236816,0.36353373527526855,200,OK,[''],16,16,13049,"{""cache-control"": ""private, must-revalidate"", ""content-type"": ""text/html; charset=utf-8"", ""content-encoding"": ""gzip"", ""vary"": ""Accept-Encoding"", ""strict-transport-security"": ""max-age=31536000; includeSubdomains"", ""set-cookie"": ""GuestData=UserID=-364462249; domain=.roblox.com; expires=Wed, 15-Feb-2051 04:49:26 GMT; path=/"", ""cross-origin-opener-policy"": ""same-origin-allow-popups"", ""content-security-policy"": ""report-uri https://metrics.roblox.com/v1/csp/report?type=enforce; upgrade-insecure-requests; script-src 'self' 'unsafe-inline' roblox.com *.evidon.com *.gigya.com *.google-analytics.com *.ns1p.net adservice.google.com cdn.arkoselabs.com connect.facebook.net funcaptcha.com js.rbxcdn.com js.stripe.com long.open.weixin.qq.com midas.gtimg.cn radar.cedexis.com res.wx.qq.com roblox-api.arkoselabs.com roblox-load-generator-configuration.s3.us-east-2.amazonaws.com s.ytimg.com sb.scorecardresearch.com static.rbxcdn.com www.google.com www.gstatic.com www.youtube.com h.online-metrix.net request.eprotect.vantivcnp.com request.eprotect.vantivpostlive.com *.googletagmanager.com *.googleadservices.com googleads.g.doubleclick.net cdn.veriff.me *.lightstep.com client-api.arkoselabs.com api.arkoselabs.com; img-src 'self' data: *.cloudfront.net *.google-analytics.com *.google.com *.kaptcha.com *.rbxcdn.com *.roblox.com *.robloxlabs.com googleads.g.doubleclick.net i.ytimg.com www.googletagmanager.com; connect-src 'self' *.roblox.com *.robloxlabs.com *.rbx.com *.rbxcdn.com *.roblox.cn *.simulpong.com *.lightstep.com *.ns1p.net  *.arkoselabs.com *.kaptcha.com *.google.com *.google-analytics.com *.doubleclick.net *.sentry.io wss://realtime.roblox.com wss://realtime.sitetest1.robloxlabs.com wss://realtime.sitetest2.robloxlabs.com wss://realtime.sitetest3.robloxlabs.com wss://realtime-signalr.roblox.com *.braintree-api.com *.braintreegateway.com d1q2u37vreaobr.cloudfront.net funcaptcha.com;"", ""x-frame-options"": ""SAMEORIGIN"", ""p3p"": ""CP=\""CAO DSP COR CURa ADMa DEVa OUR IND PHY ONL UNI COM NAV INT DEM PRE\"""", ""date"": ""Fri, 29 Sep 2023 22:49:25 GMT"", ""content-length"": ""17773"", ""x-roblox-region"": ""us-central"", ""x-roblox-edge"": ""ams1"", ""report-to"": ""{\""group\"":\""network-errors\"",\""max_age\"":604800,\""endpoints\"":[{\""url\"":\""https://ncs.roblox.com/upload\""}]}"", ""nel"": ""{\""report_to\"":\""network-errors\"",\""max_age\"":604800,\""success_fraction\"":0.001,\""failure_fraction\"":1}""}"
7,"GET / HTTP/1.1
Host: www.roblox.com
User-Agent: Mozilla/5.0 (Windows NT 10.0; rv:102.0) Gecko/20100101 Firefox/102.0
Accept: text/html,application/xhtml+xml,application/xml;q=0.9,image/avif,image/webp,*/*;q=0.8
Accept-Encoding: gzip, deflate, br
Accept-Language: en-US,en;q=0.5
DNT: 1
Connection: keep-alive
Upgrade-Insecure-Requests: 1
Sec-Fetch-Dest: document
Sec-Fetch-Mode: navigate
Sec-Fetch-Site: cross-site

",0,/,428,HTTP/1.1,0.1276392936706543,0.1201009750366211,0.2609231472015381,200,OK,[''],16,16,13024,"{""cache-control"": ""private, must-revalidate"", ""content-type"": ""text/html; charset=utf-8"", ""content-encoding"": ""gzip"", ""vary"": ""Accept-Encoding"", ""strict-transport-security"": ""max-age=31536000; includeSubdomains"", ""set-cookie"": ""GuestData=UserID=-1371784396; domain=.roblox.com; expires=Wed, 15-Feb-2051 04:49:28 GMT; path=/"", ""cross-origin-opener-policy"": ""same-origin-allow-popups"", ""content-security-policy"": ""report-uri https://metrics.roblox.com/v1/csp/report?type=enforce; upgrade-insecure-requests; script-src 'self' 'unsafe-inline' roblox.com *.evidon.com *.gigya.com *.google-analytics.com *.ns1p.net adservice.google.com cdn.arkoselabs.com connect.facebook.net funcaptcha.com js.rbxcdn.com js.stripe.com long.open.weixin.qq.com midas.gtimg.cn radar.cedexis.com res.wx.qq.com roblox-api.arkoselabs.com roblox-load-generator-configuration.s3.us-east-2.amazonaws.com s.ytimg.com sb.scorecardresearch.com static.rbxcdn.com www.google.com www.gstatic.com www.youtube.com h.online-metrix.net request.eprotect.vantivcnp.com request.eprotect.vantivpostlive.com *.googletagmanager.com *.googleadservices.com googleads.g.doubleclick.net cdn.veriff.me *.lightstep.com client-api.arkoselabs.com api.arkoselabs.com; img-src 'self' data: *.cloudfront.net *.google-analytics.com *.google.com *.kaptcha.com *.rbxcdn.com *.roblox.com *.robloxlabs.com googleads.g.doubleclick.net i.ytimg.com www.googletagmanager.com; connect-src 'self' *.roblox.com *.robloxlabs.com *.rbx.com *.rbxcdn.com *.roblox.cn *.simulpong.com *.lightstep.com *.ns1p.net  *.arkoselabs.com *.kaptcha.com *.google.com *.google-analytics.com *.doubleclick.net *.sentry.io wss://realtime.roblox.com wss://realtime.sitetest1.robloxlabs.com wss://realtime.sitetest2.robloxlabs.com wss://realtime.sitetest3.robloxlabs.com wss://realtime-signalr.roblox.com *.braintree-api.com *.braintreegateway.com d1q2u37vreaobr.cloudfront.net funcaptcha.com;"", ""x-frame-options"": ""SAMEORIGIN"", ""p3p"": ""CP=\""CAO DSP COR CURa ADMa DEVa OUR IND PHY ONL UNI COM NAV INT DEM PRE\"""", ""date"": ""Fri, 29 Sep 2023 22:49:27 GMT"", ""content-length"": ""17774"", ""x-roblox-region"": ""us-central"", ""x-roblox-edge"": ""ams1"", ""report-to"": ""{\""group\"":\""network-errors\"",\""max_age\"":604800,\""endpoints\"":[{\""url\"":\""https://ncs.roblox.com/upload\""}]}"", ""nel"": ""{\""report_to\"":\""network-errors\"",\""max_age\"":604800,\""success_fraction\"":0.001,\""failure_fraction\"":1}""}"
8,"GET / HTTP/1.1
Host: www.roblox.com
User-Agent: Mozilla/5.0 (Windows NT 10.0; rv:102.0) Gecko/20100101 Firefox/102.0
Accept: text/html,application/xhtml+xml,application/xml;q=0.9,image/avif,image/webp,*/*;q=0.8
Accept-Encoding: gzip, deflate, br
Accept-Language: en-US,en;q=0.5
DNT: 1
Connection: keep-alive
Upgrade-Insecure-Requests: 1
Sec-Fetch-Dest: document
Sec-Fetch-Mode: navigate
Sec-Fetch-Site: cross-site

",0,/,428,HTTP/1.1,0.2958335876464844,0.11470890045166016,0.23797941207885742,200,OK,[''],16,16,13159,"{""cache-control"": ""private, must-revalidate"", ""content-type"": ""text/html; charset=utf-8"", ""content-encoding"": ""gzip"", ""vary"": ""Accept-Encoding"", ""strict-transport-security"": ""max-age=31536000; includeSubdomains"", ""set-cookie"": ""GuestData=UserID=-1602575316; domain=.roblox.com; expires=Wed, 15-Feb-2051 04:49:30 GMT; path=/"", ""cross-origin-opener-policy"": ""same-origin-allow-popups"", ""content-security-policy"": ""report-uri https://metrics.roblox.com/v1/csp/report?type=enforce; upgrade-insecure-requests; script-src 'self' 'unsafe-inline' roblox.com *.evidon.com *.gigya.com *.google-analytics.com *.ns1p.net adservice.google.com cdn.arkoselabs.com connect.facebook.net funcaptcha.com js.rbxcdn.com js.stripe.com long.open.weixin.qq.com midas.gtimg.cn radar.cedexis.com res.wx.qq.com roblox-api.arkoselabs.com roblox-load-generator-configuration.s3.us-east-2.amazonaws.com s.ytimg.com sb.scorecardresearch.com static.rbxcdn.com www.google.com www.gstatic.com www.youtube.com h.online-metrix.net request.eprotect.vantivcnp.com request.eprotect.vantivpostlive.com *.googletagmanager.com *.googleadservices.com googleads.g.doubleclick.net cdn.veriff.me *.lightstep.com client-api.arkoselabs.com api.arkoselabs.com; img-src 'self' data: *.cloudfront.net *.google-analytics.com *.google.com *.kaptcha.com *.rbxcdn.com *.roblox.com *.robloxlabs.com googleads.g.doubleclick.net i.ytimg.com www.googletagmanager.com; connect-src 'self' *.roblox.com *.robloxlabs.com *.rbx.com *.rbxcdn.com *.roblox.cn *.simulpong.com *.lightstep.com *.ns1p.net  *.arkoselabs.com *.kaptcha.com *.google.com *.google-analytics.com *.doubleclick.net *.sentry.io wss://realtime.roblox.com wss://realtime.sitetest1.robloxlabs.com wss://realtime.sitetest2.robloxlabs.com wss://realtime.sitetest3.robloxlabs.com wss://realtime-signalr.roblox.com *.braintree-api.com *.braintreegateway.com d1q2u37vreaobr.cloudfront.net funcaptcha.com;"", ""x-frame-options"": ""SAMEORIGIN"", ""p3p"": ""CP=\""CAO DSP COR CURa ADMa DEVa OUR IND PHY ONL UNI COM NAV INT DEM PRE\"""", ""date"": ""Fri, 29 Sep 2023 22:49:29 GMT"", ""content-length"": ""18397"", ""x-roblox-region"": ""us-central"", ""x-roblox-edge"": ""ams1"", ""report-to"": ""{\""group\"":\""network-errors\"",\""max_age\"":604800,\""endpoints\"":[{\""url\"":\""https://ncs.roblox.com/upload\""}]}"", ""nel"": ""{\""report_to\"":\""network-errors\"",\""max_age\"":604800,\""success_fraction\"":0.001,\""failure_fraction\"":1}""}"
9,"GET / HTTP/1.1
Host: www.roblox.com
User-Agent: Mozilla/5.0 (Windows NT 10.0; rv:102.0) Gecko/20100101 Firefox/102.0
Accept: text/html,application/xhtml+xml,application/xml;q=0.9,image/avif,image/webp,*/*;q=0.8
Accept-Encoding: gzip, deflate, br
Accept-Language: en-US,en;q=0.5
DNT: 1
Connection: keep-alive
Upgrade-Insecure-Requests: 1
Sec-Fetch-Dest: document
Sec-Fetch-Mode: navigate
Sec-Fetch-Site: cross-site

",0,/,428,HTTP/1.1,0.20819759368896484,0.11621427536010742,0.26703858375549316,200,OK,[''],16,16,13029,"{""cache-control"": ""private, must-revalidate"", ""content-type"": ""text/html; charset=utf-8"", ""content-encoding"": ""gzip"", ""vary"": ""Accept-Encoding"", ""strict-transport-security"": ""max-age=31536000; includeSubdomains"", ""set-cookie"": ""GuestData=UserID=-2069890442; domain=.roblox.com; expires=Wed, 15-Feb-2051 04:49:33 GMT; path=/"", ""cross-origin-opener-policy"": ""same-origin-allow-popups"", ""content-security-policy"": ""report-uri https://metrics.roblox.com/v1/csp/report?type=enforce; upgrade-insecure-requests; script-src 'self' 'unsafe-inline' roblox.com *.evidon.com *.gigya.com *.google-analytics.com *.ns1p.net adservice.google.com cdn.arkoselabs.com connect.facebook.net funcaptcha.com js.rbxcdn.com js.stripe.com long.open.weixin.qq.com midas.gtimg.cn radar.cedexis.com res.wx.qq.com roblox-api.arkoselabs.com roblox-load-generator-configuration.s3.us-east-2.amazonaws.com s.ytimg.com sb.scorecardresearch.com static.rbxcdn.com www.google.com www.gstatic.com www.youtube.com h.online-metrix.net request.eprotect.vantivcnp.com request.eprotect.vantivpostlive.com *.googletagmanager.com *.googleadservices.com googleads.g.doubleclick.net cdn.veriff.me *.lightstep.com client-api.arkoselabs.com api.arkoselabs.com; img-src 'self' data: *.cloudfront.net *.google-analytics.com *.google.com *.kaptcha.com *.rbxcdn.com *.roblox.com *.robloxlabs.com googleads.g.doubleclick.net i.ytimg.com www.googletagmanager.com; connect-src 'self' *.roblox.com *.robloxlabs.com *.rbx.com *.rbxcdn.com *.roblox.cn *.simulpong.com *.lightstep.com *.ns1p.net  *.arkoselabs.com *.kaptcha.com *.google.com *.google-analytics.com *.doubleclick.net *.sentry.io wss://realtime.roblox.com wss://realtime.sitetest1.robloxlabs.com wss://realtime.sitetest2.robloxlabs.com wss://realtime.sitetest3.robloxlabs.com wss://realtime-signalr.roblox.com *.braintree-api.com *.braintreegateway.com d1q2u37vreaobr.cloudfront.net funcaptcha.com;"", ""x-frame-options"": ""SAMEORIGIN"", ""p3p"": ""CP=\""CAO DSP COR CURa ADMa DEVa OUR IND PHY ONL UNI COM NAV INT DEM PRE\"""", ""date"": ""Fri, 29 Sep 2023 22:49:33 GMT"", ""content-length"": ""17769"", ""x-roblox-region"": ""us-central"", ""x-roblox-edge"": ""ams1"", ""report-to"": ""{\""group\"":\""network-errors\"",\""max_age\"":604800,\""endpoints\"":[{\""url\"":\""https://ncs.roblox.com/upload\""}]}"", ""nel"": ""{\""report_to\"":\""network-errors\"",\""max_age\"":604800,\""success_fraction\"":0.001,\""failure_fraction\"":1}""}"
