experiment_no,comment,verbose,timestamp,covertchannel_request_number,covertchannel_connection_number,covertchannel_timing_number,fuzz_value,num_attempts,max_targets,max_workers,wait_between_request,base_line_check_frequency,target_list,target_subset_size,target_port,conn_timeout,nw_interface,use_ipv4,use_TLS,use_HTTP2,method,url,path,standard_subdomain,relative_uri,include_subdomain,headers,standard_headers,content
1,ada,False,20230828_002324,11,1,1,0.8,10,20,10,0,0,target_list_subdomain.csv,3,,2,enp0s3,True,False,False,GET,,,www,True,True,,firefox_HTTP/1.1,random
2,stop pcap per host,False,20230828_203620,11,1,1,0.8,10,100,10,0,0,target_list_subdomain.csv,10,,2,enp0s3,True,False,False,GET,,,www,True,True,,firefox_HTTP/1.1,random
3,Test with TLS,False,20230828_204000,11,1,1,0.8,10,100,10,0,0,target_list_subdomain.csv,10,,2,enp0s3,True,True,False,GET,,,www,True,True,,firefox_HTTP/1.1,random
4,adad,False,20230828_214819,11,1,1,0.8,10,10,10,0,0,target_list_subdomain.csv,5,,2,enp0s3,True,True,False,GET,,,www,True,True,,firefox_HTTP/1.1,random
5,test,False,20230828_220608,11,1,1,0.8,10,10,10,0,0,target_list_subdomain.csv,5,,2,enp0s3,True,True,False,HTTP/1.1,GET,,,www,True,True,False,,firefox_HTTP/1.1,random
6,afaf,False,20230828_221406,11,1,1,0.8,10,10,10,0,0,target_list_subdomain.csv,5,,2,enp0s3,True,True,False,HTTP/1.1,GET,,,www,True,True,False,,firefox_HTTP/1.1,random
7,new path,False,20230828_222104,11,1,1,0.8,10,10,10,0,0,target_list_subdomain.csv,5,,2,enp0s3,True,True,False,HTTP/1.1,GET,,,www,True,True,False,,firefox_HTTP/1.1,random
8,10,False,20230828_223723,10,1,1,0.8,10,10,10,0,0,target_list_subdomain.csv,5,,2,enp0s3,True,True,False,HTTP/1.1,GET,,,www,True,True,False,,firefox_HTTP/1.1,random
9,adad,False,20230828_224447,10,1,1,0.8,10,10,10,0,0,target_list_subdomain.csv,5,,2,enp0s3,True,True,False,HTTP/1.1,GET,,,www,False,True,False,,firefox_HTTP/1.1,random
10,TLS Redirect Test,False,20230828_230153,10,1,1,0.8,10,10,10,0,0,target_list_subdomain.csv,5,,2,enp0s3,True,True,False,HTTP/1.1,GET,,,www,False,True,False,,firefox_HTTP/1.1,random
11,"relative url , tls",False,20230828_231540,10,1,1,0.8,10,10,10,0,0,target_list_subdomain.csv,5,,2,enp0s3,True,True,False,HTTP/1.1,GET,,,www,True,True,False,,firefox_HTTP/1.1,random
12,add www. to host if empty,False,20230828_235508,10,1,1,0.8,10,10,10,0,0,target_list_subdomain.csv,5,True,,2,enp0s3,True,True,False,HTTP/1.1,GET,,,www,True,True,False,,firefox_HTTP/1.1,random
13,Test www replacement,False,20230829_000325,10,1,1,0.8,10,10,10,0,0,target_list_subdomain.csv,5,True,,2,enp0s3,True,True,False,HTTP/1.1,GET,,,www,True,True,False,,firefox_HTTP/1.1,random
14,Test subdomains,False,20230829_000408,10,1,1,0.8,10,10,10,0,0,target_list_subdomain.csv,5,True,,2,enp0s3,True,True,False,HTTP/1.1,GET,,,www,True,True,False,,firefox_HTTP/1.1,random
15,test,False,20230829_000922,10,1,1,0.8,10,10,10,0,0,target_list_subdomain.csv,5,True,,2,enp0s3,True,True,False,HTTP/1.1,GET,,,www,True,True,False,,firefox_HTTP/1.1,random
16,test,False,20230829_001538,10,1,1,0.8,10,10,10,0,0,target_list_subdomain.csv,5,True,,2,enp0s3,True,True,False,HTTP/1.1,GET,,,www,True,True,False,,firefox_HTTP/1.1,random
17,subdomain test,False,20230829_002158,10,1,1,0.8,10,10,10,0,0,target_list_subdomain.csv,5,True,,2,enp0s3,True,True,False,HTTP/1.1,GET,,,www,True,True,False,,firefox_HTTP/1.1,random
18,test,False,20230829_075052,1,1,1,0.8,2,10,10,0,0,target_list_subdomain.csv,5,True,,2,enp0s3,True,True,False,HTTP/1.1,GET,,,www,True,True,False,,firefox_HTTP/1.1,random
19,10,False,20230829_075147,1,1,1,0.8,2,10,10,0,0,target_list_subdomain.csv,5,True,,2,enp0s3,True,True,False,HTTP/1.1,GET,,,www,True,False,False,,firefox_HTTP/1.1,random
20,test,False,20230829_075247,1,1,1,0.8,2,10,10,0,0,target_list_subdomain.csv,5,False,,2,enp0s3,True,True,False,HTTP/1.1,GET,,,www,True,False,False,,firefox_HTTP/1.1,random
21,test,False,20230829_075453,1,1,1,0.8,2,10,10,0,0,target_list_subdomain.csv,5,False,,2,enp0s3,True,True,False,HTTP/1.1,GET,,,www,True,False,False,,firefox_HTTP/1.1,random
22,adda,False,20230829_075719,1,1,1,0.8,2,10,10,0,0,target_list_subdomain.csv,5,False,,2,enp0s3,True,True,False,HTTP/1.1,GET,,,www,True,False,False,,firefox_HTTP/1.1,random
23,test,False,20230829_075829,1,1,1,0.8,2,15,10,0,0,target_list_subdomain.csv,5,False,,2,enp0s3,True,True,False,HTTP/1.1,GET,,,www,True,False,False,,firefox_HTTP/1.1,random
24,adad,False,20230829_075850,1,1,1,0.8,2,15,10,0,0,target_list_subdomain.csv,5,True,,2,enp0s3,True,True,False,HTTP/1.1,GET,,,www,True,False,False,,firefox_HTTP/1.1,random
25,test,False,20230829_080214,1,1,1,0.8,1,15,10,0,0,target_list_subdomain.csv,5,True,,2,enp0s3,True,True,False,HTTP/1.1,GET,,,www,True,False,False,,firefox_HTTP/1.1,random
26,test,False,20230829_080953,1,1,1,0.8,1,15,10,0,0,target_list_subdomain.csv,5,True,,2,enp0s3,True,True,False,HTTP/1.1,GET,,,www,True,False,False,,firefox_HTTP/1.1,random
27,test,False,20230829_081050,1,1,1,0.8,1,15,10,0,0,target_list_subdomain.csv,5,True,,2,enp0s3,True,True,False,HTTP/1.1,GET,,,www,True,False,False,,firefox_HTTP/1.1,random
28,test,False,20230829_081126,1,1,1,0.8,1,10,1,0,0,target_list_subdomain.csv,5,True,,2,enp0s3,True,True,False,HTTP/1.1,GET,,,www,True,False,False,,firefox_HTTP/1.1,random
29,tet,False,20230829_081147,1,1,1,0.8,1,10,1,0,0,target_list_subdomain.csv,5,False,,2,enp0s3,True,True,False,HTTP/1.1,GET,,,www,True,False,False,,firefox_HTTP/1.1,random
30,test,False,20230829_081529,1,1,1,0.8,1,10,1,0,0,target_list_subdomain.csv,5,False,,2,enp0s3,True,True,False,HTTP/1.1,GET,,,www,True,False,False,,firefox_HTTP/1.1,random
31,test true,False,20230829_081618,1,1,1,0.8,1,10,1,0,0,target_list_subdomain.csv,5,True,,2,enp0s3,True,True,False,HTTP/1.1,GET,,,www,True,False,False,,firefox_HTTP/1.1,random
32,test,False,20230829_081800,1,1,1,0.8,1,10,1,0,0,target_list_subdomain.csv,5,True,,2,enp0s3,True,True,False,HTTP/1.1,GET,,,www,True,False,False,,firefox_HTTP/1.1,random
33,test,False,20230829_082323,1,1,1,0.8,1,10,1,0,0,target_list_subdomain.csv,5,True,,2,enp0s3,True,True,False,HTTP/1.1,GET,,,www,True,False,False,,firefox_HTTP/1.1,random
34,tst,False,20230829_082352,1,1,1,0.8,1,10,1,0,0,target_list_subdomain.csv,5,False,,2,enp0s3,True,True,False,HTTP/1.1,GET,,,www,True,False,False,,firefox_HTTP/1.1,random
35,test,False,20230829_082435,1,1,1,0.8,1,10,1,0,0,target_list_subdomain.csv,5,False,,2,enp0s3,True,True,False,HTTP/1.1,GET,,,www,True,False,False,,firefox_HTTP/1.1,random
36,tes,False,20230829_083032,1,1,1,0.8,1,10,1,0,0,target_list_subdomain.csv,5,False,,2,enp0s3,True,True,False,HTTP/1.1,GET,,,www,True,False,False,,firefox_HTTP/1.1,random
37,test,False,20230829_083101,1,1,1,0.8,1,10,1,0,0,target_list_subdomain.csv,5,True,,2,enp0s3,True,True,False,HTTP/1.1,GET,,,www,True,False,False,,firefox_HTTP/1.1,random
38,vv,False,20230918_173635,11,1,1,0.8,10,1000,10,0,0,target_list_subdomain_10000.csv,5,True,,2,enp0s3,True,True,False,HTTP/1.1,GET,,/,www,True,True,False,True,,firefox_HTTP/1.1_TLS,random
39,First Experiment Try #,False,20230918_173700,11,1,1,0.8,10,1000,10,0,0,target_list_subdomain_10000.csv,5,True,,2,enp0s3,True,True,False,HTTP/1.1,GET,,/,www,True,True,False,True,,firefox_HTTP/1.1_TLS,random
40,Test,False,20230918_173947,11,1,1,0.8,10,1000,10,0,0,new_target_list.csv,5,True,,2,enp0s3,True,True,False,HTTP/1.1,GET,,/,www,True,True,False,True,,firefox_HTTP/1.1_TLS,random
41,gg,False,20230918_181016,11,1,1,0.8,10,1000,10,0,0,new_target_list.csv,5,True,,2,enp0s3,True,True,False,HTTP/1.1,GET,,/,www,True,True,False,True,,firefox_HTTP/1.1_TLS,random
42,vvvbb,False,20230918_183649,11,1,1,0.8,100,1000,10,0,0,new_target_list.csv,10,True,,2,enp0s3,True,True,False,HTTP/1.1,GET,,/,www,True,True,False,True,,firefox_HTTP/1.1_TLS,random
43,dddkk,False,20230918_184308,11,1,1,0.8,100,1000,10,0,0,new_target_list.csv,10,True,,2,enp0s3,True,True,False,HTTP/1.1,GET,,/,www,True,True,False,True,,firefox_HTTP/1.1_TLS,random
44,dd,False,20230918_191037,11,1,1,0.8,100,1000,10,0,0,new_target_list.csv,10,True,,2,enp0s3,True,True,False,HTTP/1.1,GET,,/,www,True,True,False,True,,firefox_HTTP/1.1_TLS,random
45,dd,False,20230918_191559,11,1,1,0.8,100,1000,10,0,0,new_target_list.csv,10,True,,2,enp0s3,True,True,False,HTTP/1.1,GET,,/,www,True,True,False,True,,firefox_HTTP/1.1_TLS,random
46,11,False,20230918_194748,11,1,1,0.8,10,15,5,0,0,new_target_list.csv,10,True,,2,enp0s3,True,True,False,HTTP/1.1,GET,,/,www,True,True,False,True,,firefox_HTTP/1.1_TLS,random
47,333,False,20230918_201913,11,1,1,0.8,10,15,5,0,0,new_target_list.csv,10,True,,2,enp0s3,True,True,False,HTTP/1.1,GET,,/,www,True,True,False,True,,firefox_HTTP/1.1_TLS,random
48,k,False,20230918_202101,11,1,1,0.8,10,15,5,0,0,new_target_list.csv,10,True,,2,enp0s3,True,True,False,HTTP/1.1,GET,,/,www,True,True,False,True,,firefox_HTTP/1.1_TLS,random
49,ddddd,False,20230918_203300,11,1,1,0.8,10,15,5,0,0,new_target_list.csv,10,True,,2,enp0s3,True,True,False,HTTP/1.1,GET,,/,www,True,True,False,True,,firefox_HTTP/1.1_TLS,random
50,55,False,20230918_204111,11,1,1,0.8,10,15,5,0,0,new_target_list.csv,10,True,,2,enp0s3,True,True,False,HTTP/1.1,GET,,/,www,True,True,False,True,,firefox_HTTP/1.1_TLS,random
51,3,False,20230918_204200,11,1,1,0.8,10,15,5,0,0,new_target_list.csv,10,True,,2,enp0s3,True,True,False,HTTP/1.1,GET,,/,www,True,True,False,True,,firefox_HTTP/1.1_TLS,random
52,dddddddddd,False,20230918_204827,11,1,1,0.8,10,15,5,0,0,new_target_list.csv,10,True,,2,enp0s3,True,True,False,HTTP/1.1,GET,,/,www,True,True,False,True,,firefox_HTTP/1.1_TLS,random
53,33,False,20230918_205142,11,1,1,0.8,10,15,5,0,0,new_target_list.csv,10,True,,2,enp0s3,True,True,False,HTTP/1.1,GET,,/,www,True,True,False,True,,firefox_HTTP/1.1_TLS,random
54,ddd,False,20230918_214246,11,1,1,0.8,10,15,5,0,0,new_target_list.csv,10,True,,2,enp0s3,True,True,False,HTTP/1.1,GET,,/,www,True,True,False,True,,firefox_HTTP/1.1_TLS,random
55,sss,False,20230918_214313,11,1,1,0.8,10,15,5,0,0,new_target_list.csv,10,True,,2,enp0s3,True,True,False,HTTP/1.1,GET,,/,www,True,True,False,True,,firefox_HTTP/1.1_TLS,random
56,44,False,20230918_214714,11,1,1,0.8,10,20,3,0,0,new_target_list.csv,5,True,,2,enp0s3,True,True,False,HTTP/1.1,GET,,/,www,True,True,False,True,,firefox_HTTP/1.1_TLS,random
57,33,False,20230918_215319,11,1,1,0.8,10,20,1,0,0,new_target_list.csv,5,True,,2,enp0s3,True,True,False,HTTP/1.1,GET,,/,www,True,True,False,True,,firefox_HTTP/1.1_TLS,random
58,22,False,20230918_221207,11,1,1,0.8,10,20,1,0,0,new_target_list.csv,5,True,,2,enp0s3,True,True,False,HTTP/1.1,GET,,/,www,True,True,False,True,,firefox_HTTP/1.1_TLS,random
59,ff,False,20230918_222600,11,1,1,0.8,10,20,1,0,0,new_target_list.csv,5,True,443,2,enp0s3,True,True,False,HTTP/1.1,GET,,/,www,True,True,False,True,,firefox_HTTP/1.1_TLS,random
60,33,False,20230918_225826,11,1,1,0.8,10,20,1,0,0,new_target_list.csv,5,True,443,2,enp0s3,True,True,False,HTTP/1.1,GET,,/,www,True,True,False,True,,firefox_HTTP/1.1_TLS,random
61,kk,False,20230918_230254,11,1,1,0.8,10,20,1,0,0,new_target_list.csv,5,True,443,2,enp0s3,True,True,False,HTTP/1.1,GET,,/,www,True,True,False,True,,firefox_HTTP/1.1_TLS,random
62,debugged,True,20230918_233517,11,1,1,0.8,10,20,5,0,0,new_target_list.csv,5,True,443,2,enp0s3,True,True,False,HTTP/1.1,GET,,/,www,True,True,False,True,,firefox_HTTP/1.1_TLS,random
63,CC 3 Testrun,True,20230918_234352,3,1,1,0.8,10,20,5,0,0,new_target_list.csv,5,True,443,2,enp0s3,True,True,False,HTTP/1.1,GET,,/,www,True,True,False,True,,firefox_HTTP/1.1_TLS,random
64,11,True,20230918_235707,3,1,1,0.8,10,20,5,0,0,new_target_list.csv,5,True,443,2,enp0s3,True,True,False,HTTP/1.1,GET,,/,www,True,True,False,True,,firefox_HTTP/1.1_TLS,random
65,112,True,20230919_000359,3,1,1,0.8,10,20,5,0,0,new_target_list.csv,5,True,443,2,enp0s3,True,True,False,HTTP/1.1,GET,,/,www,False,True,False,True,,firefox_HTTP/1.1_TLS,random
66,Test Relative/Absolute,True,20230919_090505,1,1,1,0.8,5,20,5,0,0,new_target_list.csv,5,True,443,2,enp0s3,True,True,False,HTTP/1.1,GET,,/,www,False,True,False,True,,firefox_HTTP/1.1_TLS,random
67,12212,True,20230919_105848,1,1,1,0.8,5,20,5,0,0,target_list_tls_abs_sub_subhost.csv,5,True,443,2,enp0s3,True,True,False,HTTP/1.1,GET,,/,www,False,True,False,True,,firefox_HTTP/1.1_TLS,random
68,ff,True,20230919_110420,1,1,1,0.8,5,20,5,0,0,target_list_tls_abs_sub_subhost.csv,5,True,443,2,enp0s3,True,True,False,HTTP/1.1,GET,,/,www,True,True,False,True,,firefox_HTTP/1.1_TLS,random
69,33,True,20230919_111505,1,1,1,0.8,5,200,10,0,0,target_list_tls_abs_sub_subhost.csv,5,True,443,2,enp0s3,True,True,False,HTTP/1.1,GET,,/,www,True,True,False,True,,firefox_HTTP/1.1_TLS,random
70,Longer Timeout,True,20230919_112522,1,1,1,0.8,5,200,10,0,0,target_list_tls_abs_sub_subhost.csv,5,True,443,5,enp0s3,True,True,False,HTTP/1.1,GET,,/,www,True,True,False,True,,firefox_HTTP/1.1_TLS,random
71,vyv,True,20230919_113225,3,1,1,0.8,5,200,10,0,0,target_list_tls_abs_sub_subhost.csv,5,True,443,5,enp0s3,True,True,False,HTTP/1.1,GET,,/,www,True,True,False,True,,firefox_HTTP/1.1_TLS,random
72,cc,True,20230919_160918,3,1,1,0.8,100,200,10,0,0,target_list_tls_abs_sub_subhost.csv,25,True,443,5,enp0s3,True,True,False,HTTP/1.1,GET,,/,www,True,True,False,True,,firefox_HTTP/1.1_TLS,random
73,CC11,True,20230919_163955,11,1,1,0.8,100,200,10,0,0,target_list_tls_abs_sub_subhost.csv,25,True,443,5,enp0s3,True,True,False,HTTP/1.1,GET,,/,www,True,True,False,True,,firefox_HTTP/1.1_TLS,random
74,Test more Eception Handling,True,20230919_175043,11,1,1,0.8,100,50,10,0,0,target_list_tls_abs_sub_subhost.csv,5,True,443,5,enp0s3,True,True,False,HTTP/1.1,GET,,/,www,True,True,False,True,,firefox_HTTP/1.1_TLS,random
75,Test_CC3,True,20230919_180724,3,1,1,0.8,100,50,10,0,0,target_list_tls_abs_sub_subhost.csv,5,True,443,5,enp0s3,True,True,False,HTTP/1.1,GET,,/,www,True,True,False,True,,firefox_HTTP/1.1_TLS,random
76,Check Basic Request,True,20230919_204459,3,1,1,0.8,10,200,10,0,0,target_list_tls_abs_sub_subhost.csv,5,True,443,5,enp0s3,True,True,False,HTTP/1.1,GET,,/,www,True,True,False,True,,firefox_HTTP/1.1_TLS,random
77,Test Unchanged,True,20230919_212019,1,1,1,0.8,5,200,10,0,0,target_list_tls_abs_sub_subhost.csv,5,True,443,5,enp0s3,True,True,False,HTTP/1.1,GET,,/,www,True,True,False,True,,firefox_HTTP/1.1_TLS,random
78,111,True,20230919_222307,3,1,1,0.8,10,10,10,0,0,target_list_tls_abs_sub_subhost.csv,50,True,443,5,enp0s3,True,True,False,HTTP/1.1,GET,,/,www,True,True,False,True,,firefox_HTTP/1.1_TLS,random
79,test global chi,True,20230919_223231,3,1,1,0.8,2,10,10,0,0,target_list_tls_abs_sub_subhost.csv,5,True,443,5,enp0s3,True,True,False,HTTP/1.1,GET,,/,www,True,True,False,True,,firefox_HTTP/1.1_TLS,random
80,11,True,20230919_224644,3,1,1,0.8,3,10,10,0,0,target_list_tls_abs_sub_subhost.csv,5,True,443,5,enp0s3,True,True,False,HTTP/1.1,GET,,/,www,True,True,False,True,,firefox_HTTP/1.1_TLS,random
81,ddddd,True,20230919_224828,3,1,1,0.8,3,10,10,0,0,target_list_tls_abs_sub_subhost.csv,5,True,443,5,enp0s3,True,True,False,HTTP/1.1,GET,,/,www,True,True,False,True,,firefox_HTTP/1.1_TLS,random
82,Test again after crash,False,20230920_112127,3,1,1,0.85,1000,100,20,0,0,target_list_tls_rel_sub_subhost.csv,20,True,443,5,enp0s3,True,True,False,HTTP/1.1,GET,,/,www,True,True,False,True,,firefox_HTTP/1.1_TLS,random
83,test,False,20230920_235941,1,1,1,0.85,2,100,20,0,0,target_list_tls_rel_sub_subhost.csv,20,True,443,5,enp0s3,True,True,False,HTTP/1.1,GET,,/,www,True,True,False,True,,firefox_HTTP/1.1_TLS,random
84,test,False,20230921_000152,2,1,1,0.85,2,100,20,0,0,target_list_tls_rel_sub_subhost.csv,20,True,443,5,enp0s3,True,True,False,HTTP/1.1,GET,,/,www,True,True,False,True,,firefox_HTTP/1.1_TLS,random
85,cc2 wiederholung,False,20230921_095732,2,1,1,0.7,1000,100,20,0,0,target_list_tls_rel_sub_subhost.csv,20,True,443,5,enp0s3,True,True,False,HTTP/1.1,GET,,/,www,True,True,False,True,,firefox_HTTP/1.1_TLS,random
86,CCC3,False,20230921_152033,3,1,1,0.7,1000,100,20,0,0,target_list_tls_rel_sub_subhost.csv,20,True,443,5,enp0s3,True,True,False,HTTP/1.1,GET,,/,www,True,True,False,True,,firefox_HTTP/1.1_TLS,random
87,CC4,False,20230921_205502,4,1,1,0.7,1000,100,20,0,0,target_list_tls_rel_sub_subhost.csv,20,True,443,5,enp0s3,True,True,False,HTTP/1.1,GET,,/,www,True,True,False,True,,firefox_HTTP/1.1_TLS,random
88,cc2abs,False,20230922_071620,2,1,1,0.7,1000,100,20,0,0,target_list_tls_abs_sub_subhost.csv,20,True,443,5,enp0s3,True,True,False,HTTP/1.1,GET,,/,www,False,True,False,True,,firefox_HTTP/1.1_TLS,random
89,cc3abs,False,20230922_113841,3,1,1,0.7,1000,100,20,0,0,target_list_tls_abs_sub_subhost.csv,20,True,443,5,enp0s3,True,True,False,HTTP/1.1,GET,,/,www,False,True,False,True,,firefox_HTTP/1.1_TLS,random
90,tet,False,20230922_162723,3,1,1,0.7,1,10,20,0,0,target_list_tls_abs_sub_subhost.csv,20,True,443,5,enp0s3,True,True,False,HTTP/1.1,GET,,/,www,False,True,False,True,,firefox_HTTP/1.1_TLS,random
91,test,False,20230922_163905,3,1,1,0.7,1,5,20,0,0,target_list_tls_abs_sub_subhost.csv,20,True,443,5,enp0s3,True,True,False,HTTP/1.1,GET,,/,www,False,True,False,True,,firefox_HTTP/1.1_TLS,random
92,Test,False,20230922_164125,3,1,1,0.7,1,2,20,0,0,target_list_tls_abs_sub_subhost.csv,20,True,443,5,enp0s3,True,True,False,HTTP/1.1,GET,,/,www,False,True,False,True,,firefox_HTTP/1.1_TLS,random
93,test,False,20230922_164340,3,1,1,0.7,1,2,20,0,0,target_list_tls_abs_sub_subhost.csv,20,True,443,5,enp0s3,True,True,False,HTTP/1.1,GET,,/,www,False,True,False,True,,firefox_HTTP/1.1_TLS,random
94,test,False,20230922_164455,3,1,1,0.7,1,2,20,0,0,target_list_tls_abs_sub_subhost.csv,20,True,443,5,enp0s3,True,True,False,HTTP/1.1,GET,,/,www,False,True,False,True,,firefox_HTTP/1.1_TLS,random
95,test,False,20230922_165557,3,1,1,0.7,1,2,20,0,0,target_list_tls_abs_sub_subhost.csv,20,True,443,5,enp0s3,True,True,False,HTTP/1.1,GET,,/,www,False,True,False,True,,firefox_HTTP/1.1_TLS,random
96,Test,False,20230922_195045,3,1,1,0.7,1,2,20,0,0,target_list_tls_abs_sub_subhost.csv,20,True,443,5,enp0s3,True,True,False,HTTP/1.1,GET,,/,www,False,True,False,True,,firefox_HTTP/1.1_TLS,random
97,Test,False,20230922_230526,3,1,1,0.7,1,2,20,0,0,target_list_tls_abs_sub_subhost.csv,20,True,443,5,enp0s3,True,True,False,HTTP/1.1,GET,,/,www,False,True,False,True,,firefox_HTTP/1.1_TLS,random
98,Test,False,20230922_230616,3,1,1,0.7,1,2,20,0,0,target_list_tls_abs_sub_subhost.csv,20,True,443,5,enp0s3,True,True,False,HTTP/1.1,GET,,/,www,False,True,False,True,,firefox_HTTP/1.1_TLS,random
99,ddgg,False,20230922_230837,3,1,1,0.7,1,2,20,0,0,target_list_tls_abs_sub_subhost.csv,20,True,443,5,enp0s3,True,True,False,HTTP/1.1,GET,,/,www,False,True,False,True,,firefox_HTTP/1.1_TLS,random
100,Test,False,20230922_231629,3,1,1,0.7,1,2,20,0,0,target_list_tls_abs_sub_subhost.csv,20,True,443,5,enp0s3,True,True,False,HTTP/1.1,GET,,/,www,False,True,False,True,,firefox_HTTP/1.1_TLS,random
101,Test,False,20230922_231847,3,1,1,0.7,1,2,20,0,0,target_list_tls_abs_sub_subhost.csv,20,True,443,5,enp0s3,True,True,False,HTTP/1.1,GET,,/,www,False,True,False,True,,firefox_HTTP/1.1_TLS,random
102,Test,False,20230924_130133,3,1,1,0.7,1,2,20,0,0,3,target_list_tls_abs_sub_subhost.csv,20,True,443,5,enp0s3,True,True,False,HTTP/1.1,GET,,/,www,False,True,False,True,,firefox_HTTP/1.1_TLS,random
103,Test,False,20230924_134432,3,1,1,0.7,1,2,20,0,0,3,target_list_tls_abs_sub_subhost.csv,20,True,443,5,enp0s3,True,True,False,HTTP/1.1,GET,,/,www,False,True,False,True,,firefox_HTTP/1.1_TLS,random
104,test,False,20230924_134453,3,1,1,0.7,1,2,20,0,0,3,target_list_tls_abs_sub_subhost.csv,20,True,443,5,enp0s3,True,True,False,HTTP/1.1,GET,,/,www,False,True,False,True,,firefox_HTTP/1.1_TLS,random
105,test,False,20230924_135425,1,1,1,0.7,1,2,20,0,0,3,target_list_tls_abs_sub_subhost.csv,20,True,443,5,enp0s3,True,True,False,HTTP/1.1,GET,,/,www,False,True,False,True,,firefox_HTTP/1.1_TLS,random
106,test,False,20230924_140150,1,1,1,0.7,1,2,20,0,0,3,target_list_tls_abs_sub_subhost.csv,20,True,443,5,enp0s3,True,True,False,HTTP/1.1,GET,,/,www,False,True,False,True,,firefox_HTTP/1.1_TLS,random
107,test,False,20230924_153219,1,1,1,0.7,1,2,20,0,0,3,target_list_tls_abs_sub_subhost.csv,20,True,443,5,enp0s3,True,True,False,HTTP/1.1,GET,,/,www,False,True,False,True,,firefox_HTTP/1.1_TLS,random
108,Test File Size,False,20230924_155627,1,1,1,0.7,1,2,20,0,0,3,target_list_tls_abs_sub_subhost.csv,20,True,443,5,enp0s3,True,True,False,HTTP/1.1,GET,,/,www,False,True,False,True,,firefox_HTTP/1.1_TLS,random
109,test matirx,False,20230924_170018,1,1,1,0.7,3,2,20,0,0,3,target_list_tls_abs_sub_subhost.csv,20,True,443,5,enp0s3,True,True,False,HTTP/1.1,GET,,/,www,False,True,False,True,,firefox_HTTP/1.1_TLS,random
110,CC3_1000_Targets,False,20230924_231400,3,1,1,0.7,1000,1000,25,0,0,3,target_list_tls_abs_sub_subhost.csv,40,True,443,5,enp0s3,True,True,False,HTTP/1.1,GET,,/,www,False,True,False,True,,firefox_HTTP/1.1_TLS,random
111,CC3_1000_1000,False,20230924_231618,1,1,1,0.7,1000,1000,25,0,0,3,target_list_subdomain_10000.csv,40,True,443,5,enp0s3,True,True,False,HTTP/1.1,GET,,/,www,False,True,False,True,,firefox_HTTP/1.1_TLS,random
112,"CC3_Rel_1000_1000_0,7",False,20230925_105920,1,1,1,0.7,1000,1000,25,0,0,3,target_list_subdomain_10000.csv,40,True,443,5,enp0s3,True,True,False,HTTP/1.1,GET,,/,www,True,True,False,True,,firefox_HTTP/1.1_TLS,random
113,Check again+,False,20230925_164350,1,1,1,0.7,100,100,25,0,0,3,target_list_subdomain_10000.csv,10,True,443,5,enp0s3,True,True,False,HTTP/1.1,GET,,/,www,True,True,False,True,,firefox_HTTP/1.1_TLS,random
114,test,False,20230925_171530,1,1,1,0.7,1,100,25,0,0,3,target_list_subdomain_10000.csv,10,True,443,5,enp0s3,True,True,False,HTTP/1.1,GET,,/,www,True,True,False,True,,firefox_HTTP/1.1_TLS,random
115,test,False,20230925_174500,1,1,1,0.7,2,10,25,0,0,3,target_list_subdomain_10000.csv,2,True,443,5,enp0s3,True,True,False,HTTP/1.1,GET,,/,www,True,True,False,True,,firefox_HTTP/1.1_TLS,random
116,test,False,20230925_180519,1,1,1,0.7,2,10,25,0,0,3,target_list_subdomain_10000.csv,2,True,443,5,enp0s3,True,True,False,HTTP/1.1,GET,,/,www,True,True,False,True,,firefox_HTTP/1.1_TLS,random
117,test,False,20230925_183852,1,1,1,0.7,10,100,25,0,0,3,target_list_subdomain_10000.csv,2,True,443,5,enp0s3,True,True,False,HTTP/1.1,GET,,/,www,True,True,False,True,,firefox_HTTP/1.1_TLS,random
118,test,False,20230925_184023,1,1,1,0.7,10,100,25,0,0,3,target_list_subdomain_10000.csv,2,True,443,5,enp0s3,True,True,False,HTTP/1.1,GET,,/,www,True,True,False,True,,firefox_HTTP/1.1_TLS,random
119,Benchmark 1,False,20230925_195500,1,1,1,0.7,10,1000,25,0,0,3,target_list_subdomain_10000.csv,20,True,443,5,enp0s3,True,True,False,HTTP/1.1,GET,,/,www,True,True,False,True,,firefox_HTTP/1.1_TLS,random
120,TRY AGAING,False,20230925_205431,1,1,1,0.7,10,1000,25,0,0,3,target_list_subdomain_10000.csv,20,True,443,5,enp0s3,True,True,False,HTTP/1.1,GET,,/,www,True,True,False,True,,firefox_HTTP/1.1_TLS,random
121,test,False,20230925_210220,3,1,1,0.7,10,1000,25,0,0,3,target_list_subdomain_10000.csv,20,True,443,5,enp0s3,True,True,False,HTTP/1.1,GET,,/,www,True,True,False,True,,firefox_HTTP/1.1_TLS,random
122,test,False,20230925_210521,1,1,1,0.7,10,1000,25,0,0,3,target_list_subdomain_10000.csv,20,True,443,5,enp0s3,True,True,False,HTTP/1.1,GET,,/,www,True,True,False,True,,firefox_HTTP/1.1_TLS,random
123,locks,False,20230925_214752,1,1,1,0.7,10,1000,25,0,0,3,target_list_subdomain_10000.csv,20,True,443,5,enp0s3,True,True,False,HTTP/1.1,GET,,/,www,True,True,False,True,,firefox_HTTP/1.1_TLS,random
124,threads,False,20230925_221511,1,1,1,0.7,10,1000,25,0,0,3,target_list_subdomain_10000.csv,20,True,443,5,enp0s3,True,True,False,HTTP/1.1,GET,,/,www,True,True,False,True,,firefox_HTTP/1.1_TLS,random
125,TRest,False,20230925_223022,3,1,1,0.7,10,1000,25,0,0,3,target_list_subdomain_10000.csv,20,True,443,5,enp0s3,True,True,False,HTTP/1.1,GET,,/,www,True,True,False,True,,firefox_HTTP/1.1_TLS,random
126,test,False,20230925_230519,1,1,1,0.7,5,100,5,0,0,3,target_list_subdomain_10000.csv,10,True,443,5,enp0s3,True,True,False,HTTP/1.1,GET,,/,www,True,True,False,True,,firefox_HTTP/1.1_TLS,random
127,test,False,20230925_234130,1,1,1,0.7,5,100,5,0,0,3,target_list_subdomain_10000.csv,10,True,443,5,enp0s3,True,True,False,HTTP/1.1,GET,,/,www,True,True,False,True,,firefox_HTTP/1.1_TLS,random
128,ettes,False,20230925_234301,1,1,1,0.7,5,100,5,0,0,3,target_list_subdomain_10000.csv,10,True,443,5,enp0s3,True,True,False,HTTP/1.1,GET,,/,www,True,True,False,True,,firefox_HTTP/1.1_TLS,random
129,testrun thread handling,False,20230926_211205,1,1,1,0.7,10,100,32,0,0,3,target_list_subdomain_10000.csv,5,True,443,5,enp0s3,True,True,False,HTTP/1.1,GET,,/,www,True,True,False,True,,firefox_HTTP/1.1_TLS,random
130,max workers bug,False,20230926_211917,1,1,1,0.7,10,100,32,0,0,3,target_list_subdomain_10000.csv,5,True,443,5,enp0s3,True,True,False,HTTP/1.1,GET,,/,www,True,True,False,True,,firefox_HTTP/1.1_TLS,random
131,issue,False,20230926_212115,1,1,1,0.7,10,100,32,0,0,3,target_list_subdomain_10000.csv,5,True,443,5,enp0s3,True,True,False,HTTP/1.1,GET,,/,www,True,True,False,True,,firefox_HTTP/1.1_TLS,random
132,clever test,False,20230926_212847,1,1,1,0.7,10,100,10,0,0,3,target_list_subdomain_10000.csv,5,True,443,5,enp0s3,True,True,False,HTTP/1.1,GET,,/,www,True,True,False,True,,firefox_HTTP/1.1_TLS,random
133,test,False,20230926_213158,1,1,1,0.7,10,100,10,0,0,3,target_list_subdomain_10000.csv,5,True,443,5,enp0s3,True,True,False,HTTP/1.1,GET,,/,www,True,True,False,True,,firefox_HTTP/1.1_TLS,random
134,etst,False,20230926_220303,1,1,1,0.7,10,100,10,0,0,3,target_list_subdomain_10000.csv,5,True,443,5,enp0s3,True,True,False,HTTP/1.1,GET,,/,www,True,True,False,True,,firefox_HTTP/1.1_TLS,random
135,Test,False,20230926_222144,1,1,1,0.7,10,100,10,0,0,3,target_list_subdomain_10000.csv,5,True,443,5,enp0s3,True,True,False,HTTP/1.1,GET,,/,www,True,True,False,True,,firefox_HTTP/1.1_TLS,random
136,test,False,20230926_222425,1,1,1,0.7,10,100,10,0,0,3,target_list_subdomain_10000.csv,5,True,443,5,enp0s3,True,True,False,HTTP/1.1,GET,,/,www,True,True,False,True,,firefox_HTTP/1.1_TLS,random
137,tEST,False,20230926_224611,1,1,1,0.7,10,100,10,0,0,3,target_list_subdomain_10000.csv,5,True,443,5,enp0s3,True,True,False,HTTP/1.1,GET,,/,www,True,True,False,True,,firefox_HTTP/1.1_TLS,random
138,TEST,False,20230926_230058,1,1,1,0.7,10,100,10,0,0,3,target_list_subdomain_10000.csv,5,True,443,5,enp0s3,True,True,False,HTTP/1.1,GET,,/,www,True,True,False,True,,firefox_HTTP/1.1_TLS,random
139,test again,False,20230926_231109,1,1,1,0.7,10,100,10,0,0,3,target_list_subdomain_10000.csv,5,True,443,5,enp0s3,True,True,False,HTTP/1.1,GET,,/,www,True,True,False,True,,firefox_HTTP/1.1_TLS,random
140,Test Limit,False,20230926_235352,1,1,1,0.7,10,100,10,0,0,3,target_list_subdomain_10000.csv,5,True,443,5,enp0s3,True,True,False,HTTP/1.1,GET,,/,www,True,True,False,True,,firefox_HTTP/1.1_TLS,random
141,test,False,20230927_004446,1,1,1,0.7,5,100,10,0,0,3,target_list_subdomain_10000.csv,5,True,443,5,enp0s3,True,True,False,HTTP/1.1,GET,,/,www,True,True,False,True,,firefox_HTTP/1.1_TLS,random
142,debug,False,20230928_002004,2,1,1,0.7,100,100,32,0,0,3,target_list_subdomain_10000.csv,50,True,443,5,enp0s3,True,True,False,HTTP/1.1,GET,,/,www,True,True,False,True,,firefox_HTTP/1.1_TLS,random
143,test,False,20230928_002125,2,1,1,0.7,100,100,32,0,0,3,target_list_subdomain_10000.csv,50,True,443,5,enp0s3,True,True,False,HTTP/1.1,GET,,/,www,True,True,False,True,,firefox_HTTP/1.1_TLS,random
144,tets,False,20230928_002519,2,1,1,0.7,100,100,32,0,0,3,target_list_subdomain_10000.csv,50,True,443,5,enp0s3,True,True,False,HTTP/1.1,GET,,/,www,True,True,False,True,,firefox_HTTP/1.1_TLS,random
145,check,False,20230928_003520,2,1,1,0.7,100,100,32,0,0,3,target_list_subdomain_10000.csv,50,True,443,5,enp0s3,True,True,False,HTTP/1.1,GET,,/,www,True,True,False,True,,firefox_HTTP/1.1_TLS,random
146,fs,False,20230929_001645,1,1,1,0.7,10,100,32,0,0,1,target_list_subdomain_10000.csv,5,True,443,5,enp0s3,True,True,False,HTTP/1.1,GET,,/,www,True,True,False,True,,firefox_HTTP/1.1_TLS,random
147,tests,False,20230929_001748,1,1,1,0.7,10,100,32,0,0,1,target_list_subdomain_10000.csv,5,True,443,5,enp0s3,True,True,False,HTTP/1.1,GET,,/,www,True,True,False,True,,firefox_HTTP/1.1_TLS,random
148,test,False,20230929_004315,1,1,1,0.7,10,100,32,0,0,1,target_list_subdomain_10000.csv,5,True,443,5,enp0s3,True,True,False,HTTP/1.1,GET,,/,www,True,True,False,True,,firefox_HTTP/1.1_TLS,random
