Unique Entries,Base Name,Full Hostname
loopme.me,,
wayfair.com,,
bugsnag.com,,
fr.wikipedia.org,,
klaviyo.com,,
ita.xhamster.com,,
fpo.xxx,,
optimizely.com,,
play.google.com,,
eyeota.net,,
anybunny.org,,
forum.gamer.com.tw,,
ilovepdf.com,,
sexybluefilm.com,,
etsy.com,,
www.welt.de,,
mintnav.com,,
abplive.com,,
markt.de,,
globalsign.com,,
ui.com,,
www.corriere.it,,
www.gazzetta.it,,
pornfuck.net,,
www.xnxx.com,,
www.researchgate.net,,
myactivity.google.com,,
www.google-analytics.com,,
web.whatsapp.com,,
gazzetta.it,,
www.twitch.tv,,
pinterest.com,,
b-cdn.net,,
liquipedia.net,,
wnacg.com,,
joinhoney.com,,
marriott.com,,
www.ixxx.com,,
roaming.officeapps.live.com,,
m.cricbuzz.com,,
discord.gg,,
ruperttube.net,,
en.wikipedia.org,,
sexindrag.com,,
unifi-ai.com,,
www.amazon.it,,
www.google.it,,
cn.pornhub.com,,
m.lightinthebox.com,,
berkeley.edu,,
nest.com,,
openstreetmap.org,,
joyclub.de,,
wikisach.net,,
www.instagram.com,,
gelbooru.com,,
eset.com,,
blic.rs,,
ring.com,,
augloop.office.com,,
oreilly.com,,
arbada.com,,
tabor.ru,,
fuq.com,,
justindianpornx.com,,
huffingtonpost.com,,
intentiq.com,,
www.wayfair.com,,
dlsite.com,,
hnext.jp,,
flipkart.com,,
httpd.apache.org,,
samsung.com,,
ru.m.wikipedia.org,,
riotgames.com,,
ninisite.com,,
noaa.gov,,
www.google.co.uk,,
faq.whatsapp.com,,
scholar.google.com,,
kakuyomu.jp,,
google.cn,,
hm.com,,
boatrace.jp,,
apnews.com,,
google.com.br,,
www.amazon.in,,
eroterest.net,,
freepik.com,,
otvfoco.com.br,,
firefox.com,,
hubspot.com,,
articulo.mercadolibre.com.mx,,
meraki.com,,
jra.jp,,
moatads.com,,
us.shein.com,,
economist.com,,
analytics.yahoo.com,,
mikrotik.com,,
www.ryanair.com,,
open.spotify.com,,
shopee.co.id,,
prokerala.com,,
www.abola.pt,,
nl.pornhub.com,,
calendly.com,,
bitdefender.net,,
www.latamairlines.com,,
aniview.com,,
britannica.com,,
www.jw.org,,
dotomi.com,,
connect.facebook.net,,
merriam-webster.com,,
nytimes.com,,
tribalfusion.com,,
nikkansports.com,,
infinix.servicewebly.com,,
rapid7.com,,
springserve.com,,
pubmatic.com,,
www.ebay.de,,
dto.to,,
fr.xhamster.com,,
www.myntra.com,,
www.flashscore.com,,
www.ncbi.nlm.nih.gov,,
olx.ua,,
udn.com,,
character.ai,,
arin.net,,
www.whatsapp.com,,
nvidia.com,,
tapjoy.com,,
innovid.com,,
mozilla.org,,
tp-link.com,,
lemonde.fr,,
infobae.com,,
corriere.it,,
otto.de,,
cnet.com,,
researchgate.net,,
www.zillow.com,,
bandcamp.com,,
dropbox.com,,
imagefap.com,,
ecosia.org,,
picrew.me,,
xhcdn.com,,
teamviewer.com,,
about.com,,
amazon.com,,
cm.g.doubleclick.net,,
shopify.com,,
launchdarkly.com,,
xxxindianporn.org,,
ampproject.org,,
buzzfeed.com,,
expressen.se,,
force.com,,
support.microsoft.com,,
xxxhdvideo.mobi,,
onlyindianpornx.com,,
hugedomains.com,,
www.amazon.com.mx,,
slashlib.me,,
www.ebay.co.uk,,
substrate.office.com,,
conviva.com,,
meetup.com,,
livedoor.jp,,
sportkp.ru,,
service.gov.uk,,
booking.com,,
hepsiburada.com,,
redfin.com,,
ng.msg.teams.microsoft.com,,
web.archive.org,,
www.detik.com,,
m.tnaflix.com,,
tumblr.com,,
mbga.jp,,
coupang.com,,
subito.it,,
faphouse.com,,
evexxx.com,,
www.repubblica.it,,
dw.com,,
sohu.com,,
fabswingers.com,,
investopedia.com,,
de.pornhub.com,,
adjust.com,,
999.md,,
www.mlb.com,,
wikimedia.org,,
github.com,,
360yield.com,,
reddit.com,,
storysaver.net,,
www.mediafire.com,,
tiktok.com,,
pornhat.one,,
es.xhamster.com,,
zbporn.tv,,
omtrdc.net,,
google.ru,,
studio.youtube.com,,
www.costco.com,,
hollywoodbets.net,,
onlydesiporn.com,,
ipify.org,,
adcolony.com,,
ikea.com,,
coinmarketcap.com,,
livejournal.com,,
www.apple.com,,
store.steampowered.com,,
animeflv.net,,
cookpad.com,,
loc.gov,,
getpocket.com,,
newyorker.com,,
x1.c.lencr.org,,
iseeindia.org.in,,
xvideos.com,,
www.24h.com.vn,,
www.eporner.com,,
thisvid.com,,
steampowered.com,,
tondae.net,,
nesine.com,,
bbc.com,,
weibo.com,,
t.co,,
surveymonkey.com,,
es.m.wikipedia.org,,
delve.office.com,,
psu.edu,,
gsmarena.com,,
www.fiverr.com,,
aajtak.in,,
www.sportskeeda.com,,
manga168.com,,
wol.jw.org,,
login.yahoo.com,,
creditkarma.com,,
download.macromedia.com,,
ebay.de,,
sharethis.com,,
vungle.com,,
tubidy.watch,,
mi.com,,
ojogodobicho.com,,
www.amazon.es,,
cloudflare-dns.com,,
mdpi.com,,
chartbeat.com,,
www.accuweather.com,,
yale.edu,,
www.asos.com,,
www.nytimes.com,,
rokna.net,,
oneclient.sfx.ms,,
serviporno.com,,
xhamster2.com,,
facebook.com,,
www.omegle.com,,
m.youtube.com,,
dewafilm.xyz,,
fontawesome.com,,
gnu.org,,
xhamster20.desi,,
atlassian.com,,
market.yandex.ru,,
dribbble.com,,
livehindustan.com,,
yadongtube.net,,
fda.gov,,
pornhub.com,,
netgear.com,,
en.gravatar.com,,
w3.org,,
jstor.org,,
bestbuy.com,,
fsiblog4.com,,
connatix.com,,
ssstik.io,,
tinyurl.com,,
www.youjizz.com,,
uber.com,,
mediavine.com,,
who.int,,
www.uol.com.br,,
media.net,,
amplitude.com,,
ocsp.r2m01.amazontrust.com,,
onet.pl,,
www.kleinanzeigen.de,,
chrome.google.com,,
redtube.com,,
m.facebook.com,,
imgur.com,,
avito.ru,,
www.ad.nl,,
pewresearch.org,,
pbs.org,,
ntp.org,,
americanexpress.com,,
www.tondae.net,,
publi24.ro,,
gumgum.com,,
www.speedtest.net,,
minhngoc.net.vn,,
onesignal.com,,
wapka.cc,,
azure.com,,
xnxx.com,,
xvideos98.pro,,
bakusai.com,,
www.rightmove.co.uk,,
stanford.edu,,
www.furaffinity.net,,
cmoa.jp,,
xvideos.es,,
pandora.com,,
example.com,,
ss.com,,
licdn.com,,
fb.me,,
wattpad.com,,
ietf.org,,
amazon.com.br,,
digg.com,,
mit.edu,,
www.google.co.jp,,
rezka.ag,,
adobe.io,,
bilibili.com,,
grapee.jp,,
www.unotv.com,,
twitter.com,,
porn300.com,,
rakuten.co.jp,,
wsj.com,,
coinpayu.com,,
m.vk.com,,
indiansexbar.mobi,,
zoho.com,,
marketwatch.com,,
id5-sync.com,,
www.youtube.com,,
support.google.com,,
docs.google.com,,
www.globo.com,,
support.apple.com,,
outbrain.com,,
search.yahoo.com,,
zillow.com,,
lc.chat,,
item.rakuten.co.jp,,
flickr.com,,
uci.edu,,
sportybet.com,,
intercom.io,,
wannonce.com,,
arcgis.com,,
networkadvertising.org,,
history.google.com,,
wired.com,,
free.fr,,
segment.io,,
www.ebay.com,,
ubuntu.com,,
gitlab.com,,
goojara.to,,
snapchat.com,,
www.bilibili.com,,
tw.yahoo.com,,
bmj.com,,
ijavhd.com,,
olx.pl,,
genius.com,,
es.wikipedia.org,,
analytics.google.com,,
latamairlines.com,,
nleditor.osi.office.net,,
www.youporn.com,,
3bmeteo.com,,
xiaomi.com,,
girlschannel.net,,
washington.edu,,
namu.wiki,,
www.yahoo.com,,
arxiv.org,,
mathtag.com,,
ea.com,,
www.aparat.com,,
www.mercadolibre.com.mx,,
de.m.wikipedia.org,,
springer.com,,
www.scribd.com,,
www.healthline.com,,
soundcloud.com,,
business.site,,
francetvinfo.fr,,
kurir.rs,,
business.facebook.com,,
eporner.com,,
ladies.de,,
mobcup.net,,
amzn.to,,
m.timesofindia.com,,
www.finn.no,,
clients.config.office.net,,
telegram.org,,
whatsapp.net,,
aboutads.info,,
www.walmart.com,,
digicert.com,,
sharethrough.com,,
brave.com,,
obilet.com,,
betano.com,,
hotjar.com,,
yahoo.com,,
www.google.com.hk,,
globo.com,,
www.lemonde.fr,,
trendyol.com,,
www.pornpics.com,,
creativecdn.com,,
debian.org,,
cbc.ca,,
e-hentai.org,,
geny.com,,
cpanel.net,,
player.vimeo.com,,
realtor.com,,
trilltrill.jp,,
qq.com,,
costco.com,,
ec.europa.eu,,
www.google.com.br,,
norton.com,,
gofundme.com,,
theguardian.com,,
vjav.com,,
www.amazon.ca,,
bikewale.com,,
www.espn.com,,
furaffinity.net,,
scribd.com,,
82xnxx.com,,
binance.com,,
fabguys.com,,
xgx.mobi,,
www.amazon.co.jp,,
usatoday.com,,
www.bancodevenezuela.com,,
businesswire.com,,
www.redfin.com,,
qualtrics.com,,
telegraph.co.uk,,
manganato.com,,
criteo.com,,
userapi.com,,
roku.com,,
ctldl.windowsupdate.com,,
statista.com,,
businessinsider.com,,
hindustantimes.com,,
amazon.eg,,
es.pornhub.com,,
www.marktplaats.nl,,
xnxxsex.net,,
fortune.com,,
plos.org,,
www.onet.pl,,
yatv.net,,
accuweather.com,,
sectigo.com,,
shopee.com.br,,
www.google.com.tw,,
betika.com,,
wildberries.ru,,
nexon.com,,
opendns.com,,
drive.google.com,,
sondakika.com,,
smartthings.com,,
prnewswire.com,,
www.sozcu.com.tr,,
fatalmodel.com,,
mp.weixin.qq.com,,
semana.com,,
mediatek.com,,
bitly.com,,
urbanairship.com,,
detik.com,,
link.coupang.com,,
stackoverflow.com,,
amp.xhamster.com,,
24h.com.vn,,
pikabu.ru,,
huffpost.com,,
chaturbate.com,,
fitbit.com,,
beboo.ru,,
kemono.party,,
in.pinterest.com,,
walmart.com,,
jotform.com,,
ibm.com,,
www.francetvinfo.fr,,
apache.org,,
casalemedia.com,,
boyfriendtv.com,,
syosetu.org,,
autodiscover-s.outlook.com,,
amazon.de,,
bt.dk,,
eenadu.net,,
poki.com,,
ups.com,,
hulu.com,,
quantserve.com,,
apornvideo.com,,
www.buzzfeed.com,,
www.spotify.com,,
simpli.fi,,
squarespace.com,,
www.kurir.rs,,
av19.org,,
google.com.hk,,
virtualearth.net,,
weforum.org,,
msn.com,,
criteo.net,,
njuskalo.hr,,
kargo.com,,
g.page,,
linktr.ee,,
m.chaturbate.com,,
www.mynet.com,,
www.redtube.com,,
fbcdn.net,,
harvard.edu,,
addtoany.com,,
www.wetter.com,,
zemanta.com,,
www.clarin.com,,
m.naver.com,,
kleinanzeigen.de,,
redditmedia.com,,
mirror.co.uk,,
www.news.com.au,,
openx.net,,
metruyencv.com,,
zoom.us,,
omegle.com,,
idnes.cz,,
miwifi.com,,
g1.globo.com,,
classroom.google.com,,
www.index.hr,,
fetlife.com,,
dns.google,,
w3schools.com,,
sagepub.com,,
m.imdb.com,,
duckduckgo.com,,
idealista.com,,
hindixxxhd.com,,
rule34.xxx,,
unsplash.com,,
avast.com,,
www.baidu.com,,
www.google.co.in,,
indiansextube.org,,
cbsnews.com,,
isaidub3.co,,
fmkorea.com,,
www.bilibili.tv,,
coffeemanga.io,,
gekso.xyz,,
android.com,,
baidu.com,,
nasa.gov,,
ft.com,,
ted.com,,
www.hln.be,,
beta.character.ai,,
fc2.com,,
hdhindisex.com,,
intuit.com,,
bit.ly,,
bootstrapcdn.com,,
fantia.jp,,
e621.net,,
parsely.com,,
xxxwow.net,,
69shu.com,,
game8.jp,,
mail.ru,,
kaspersky.com,,
archive.org,,
sophos.com,,
terra.com.br,,
serving-sys.com,,
www.google.de,,
diretta.it,,
forter.com,,
lenovo.com,,
sourceforge.net,,
pornozavr.net,,
naver.com,,
instagram.com,,
teleprogramma.pro,,
umn.edu,,
m.gsmarena.com,,
onetrust.com,,
www.gov.uk,,
www.msn.com,,
shein.com,,
xhamster.com,,
leroymerlin.es,,
www.google.es,,
1377x.to,,
sex4arab.xxx,,
discord.com,,
kompoz2.com,,
gravatar.com,,
librefutboltv.com,,
disneyplus.com,,
erome.com,,
aparat.com,,
bfmtv.com,,
www.wp.pl,,
un.org,,
3lift.com,,
ad.nl,,
ingest.sentry.io,,
sexhdxxx.com,,
www.amazon.fr,,
vmware.com,,
mamastar.jp,,
lectortmo.com,,
netshoes.com.br,,
whitehouse.gov,,
xnxx.health,,
remove.bg,,
fapello.com,,
mixpanel.com,,
dbankcloud.com,,
cxense.com,,
surfshark.com,,
dantri.com.vn,,
vg.no,,
mangatoto.com,,
de.wikipedia.org,,
translate.google.com,,
allegro.pl,,
dmm.co.jp,,
porno18.site,,
biomedcentral.com,,
express.co.uk,,
docker.com,,
sedo.com,,
amazon.ca,,
shaalaa.com,,
myaccount.google.com,,
quora.com,,
fast.com,,
get.adobe.com,,
www.facebook.com,,
healthline.com,,
rajwap.cc,,
wp.com,,
quantcount.com,,
eventbrite.com,,
itmedia.co.jp,,
amazon.it,,
icloud.com,,
npr.org,,
xnxx.com.se,,
www.boyfriendtv.com,,
ocsp.r2m02.amazontrust.com,,
dogdrip.net,,
vimeo.com,,
google.it,,
coco.gg,,
google.fr,,
nps.gov,,
goindian.net,,
altibbi.com,,
actu.fr,,
amazontrust.com,,
www.merkur.de,,
airbnb.com,,
vox.com,,
sinsay.com,,
change.org,,
google-analytics.com,,
gamer.com.tw,,
www.lanacion.com.ar,,
mediafire.com,,
ancestry.com,,
truyenfull.vn,,
theverge.com,,
9animetv.to,,
temu.com,,
hdsex.pro,,
flashscore.com.br,,
promiedos.com.ar,,
graph.microsoft.com,,
primevideo.com,,
policies.google.com,,
php.net,,
www.amazon.com.br,,
nexusmods.com,,
imdb.com,,
latimes.com,,
ameblo.jp,,
wiadomosci.wp.pl,,
www.ikea.com,,
www.otto.de,,
bing.com,,
nbcnews.com,,
nicovideo.jp,,
www.mayoclinic.org,,
mangakakalot.com,,
clarin.com,,
www.adobe.com,,
anoboy.monster,,
www.bfmtv.com,,
www.emag.ro,,
feedburner.com,,
outlook.office365.com,,
one.google.com,,
www.t-online.de,,
animanch.com,,
livedoor.com,,
sinoptik.ua,,
sites.google.com,,
split.io,,
wpa.qq.com,,
amazon.com.mx,,
www.mundodeportivo.com,,
reverso.net,,
youjizz.sex,,
music-fa.com,,
taobao.com,,
toyhou.se,,
lotterysambadresult.in,,
branch.io,,
www.ecosia.org,,
gimy.app,,
m.daum.net,,
sciencedirect.com,,
m.bild.de,,
pki.goog,,
nakheelteam.cc,,
mgid.com,,
pubmed.ncbi.nlm.nih.gov,,
wp.pl,,
google.co.jp,,
twitch.tv,,
homepage.mintnav.com,,
manage.microsoft.com,,
fastly.net,,
n-tv.de,,
yadongkorea.org,,
themeforest.net,,
newrelic.com,,
g.live.com,,
hbr.org,,
yadongkorea.red,,
33across.com,,
officeapps.live.com,,
go.com,,
trello.com,,
mundodeportivo.com,,
indiatimes.com,,
elpais.com,,
discordapp.com,,
sso.acesso.gov.br,,
psychologytoday.com,,
apps.apple.com,,
crashlytics.com,,
ilmeteo.it,,
safebrowsing.google.com,,
bestsexporno.com,,
yieldmo.com,,
vietnamnet.vn,,
vk.com,,
moneycontrol.com,,
nu.nl,,
slack.com,,
youku.com,,
box.com,,
funnyjunk.com,,
zdnet.com,,
discogs.com,,
sabah.com.tr,,
pussyspace.com,,
www.discogs.com,,
plex.tv,,
viber.com,,
appcenter.ms,,
tokopedia.com,,
jimdo.com,,
bilibili.tv,,
github.io,,
wikipedia.org,,
youtu.be,,
ebay.it,,
doubleverify.com,,
www.google.pl,,
www.bing.com,,
www.seznam.cz,,
www.erome.com,,
abc.net.au,,
godaddy.com,,
mashable.com,,
escortbabylon.net,,
thesun.co.uk,,
www.avito.ru,,
gamepass.com,,
sellercentral.amazon.com,,
xhtab1.com,,
google.co.uk,,
wikihow.com,,
www.independent.co.uk,,
sarkariresult.com,,
opera.com,,
india.com,,
xing.com,,
tripadvisor.com,,
inven.co.kr,,
xboxlive.com,,
www.realtor.com,,
n.news.naver.com,,
contextweb.com,,
issuu.com,,
worldbank.org,,
www.linkedin.com,,
typeform.com,,
ok.ru,,
netkeiba.com,,
ecnavi.jp,,
conectate.com.do,,
garmin.com,,
patreon.com,,
servicewebly.com,,
yimg.com,,
11xplay.com,,
www.freepik.com,,
gamewith.jp,,
ria.com,,
sexalarab.com,,
battwo.com,,
ip-api.com,,
doubleclick.net,,
chat.openai.com,,
www.69shu.com,,
lichess.org,,
bloomberg.com,,
fandom.com,,
clip2vip.com,,
1stkissmanga.me,,
tukif.com,,
m.ok.ru,,
mercadolivre.com.br,,
dagbladet.no,,
myanimelist.net,,
vnexpress.net,,
google.co.in,,
mobile.de,,
cdc.gov,,
plus.google.com,,
pornkai.com,,
foxnews.com,,
gismeteo.ru,,
search.naver.com,,
magazineluiza.com.br,,
ca.gov,,
cdiscount.com,,
bbc.co.uk,,
aol.com,,
www.naver.com,,
mobile-tracker-free.com,,
google.nl,,
dbankcloud.cn,,
m.shein.com,,
www.etsy.com,,
news.google.com,,
www.gov.br,,
youtube.com,,
stripe.com,,
wapoz.info,,
adobe.com,,
hto.to,,
google.com,,
login.live.com,,
www.pinterest.com,,
www.patreon.com,,
wa.me,,
spotify.com,,
fiverr.com,,
wpengine.com,,
wordpress.org,,
piccoma.com,,
skelbiu.lt,,
academia.edu,,
umbrella.com,,
netbanking.hdfcbank.com,,
cookiedatabase.org,,
salonboard.com,,
www.bbc.co.uk,,
brainly.in,,
myntra.com,,
www.google.fr,,
windowsupdate.com,,
www.imdb.com,,
annunci69.it,,
fullstory.com,,
teads.tv,,
olx.com.br,,
www.semana.com,,
validator.w3.org,,
www.google.com,,
grammarly.com,,
makemytrip.com,,
fulldesisex.com,,
forbes.com,,
pravda.com.ua,,
google.com.ar,,
abola.pt,,
www.nu.nl,,
in3x.net,,
nypost.com,,
fb.com,,
indiansexmms.me,,
mysql.com,,
kooora.com,,
txxx.com,,
cdnjs.cloudflare.com,,
miui.com,,
google.com.au,,
youjizz.com,,
www.sport.es,,
aliyun.com,,
cloudflare.com,,
mozilla.com,,
mynet.com,,
sciencedaily.com,,
itunes.apple.com,,
permutive.com,,
icloud-content.com,,
20minutos.es,,
acdc-direct.office.com,,
mechacomic.jp,,
photos.google.com,,
hicloud.com,,
me.com,,
www.nairaland.com,,
sonobi.com,,
sonnenbatterie.de,,
spankbang.party,,
amazon.in,,
disqus.com,,
goodreads.com,,
gc.ca,,
apple.news,,
rbc.ua,,
ntppool.org,,
m.alibaba.com,,
googleads.g.doubleclick.net,,
interia.pl,,
digikala.com,,
mailchi.mp,,
scorecardresearch.com,,
free.facebook.com,,
behance.net,,
nexusrules.officeapps.live.com,,
nike.com,,
escort.club,,
google.pl,,
humoruniv.com,,
www.espncricinfo.com,,
steamcommunity.com,,
www.argos.co.uk,,
satta-king-fast.com,,
archiveofourown.org,,
apple.com,,
google.co.th,,
tw.news.yahoo.com,,
www.ancestry.com,,
app.hubspot.com,,
asos.com,,
m.search.naver.com,,
www.conectate.com.do,,
nginx.org,,
365xxx.org,,
flashscore.com,,
xxxnd.com,,
haber7.com,,
usda.gov,,
outlook.office.com,,
cricbuzz.com,,
varzesh3.com,,
google.com.tr,,
rst.ua,,
google.cl,,
www.digikala.com,,
jw.org,,
wordpress.com,,
www.biblegateway.com,,
kambistories.com,,
repubblica.it,,
oup.com,,
togetter.com,,
espn.com,,
flashtalking.com,,
verisign.com,,
google.com.tw,,
yelp.com,,
cambridge.org,,
bancodevenezuela.com,,
brainly.co.id,,
stackadapt.com,,
hdtube.porn,,
amazon.co.uk,,
tynt.com,,
hitomi.la,,
people.com,,
espncricinfo.com,,
skokka.com,,
line.me,,
timesofindia.com,,
onlyfans.com,,
arca.live,,
trustpilot.com,,
dailymail.co.uk,,
visualstudio.com,,
unity3d.com,,
allaboutcookies.org,,
samsungosp.com,,
pinimg.com,,
mercadolibre.com.ar,,
unpkg.com,,
tmohentai.com,,
lightinthebox.com,,
www.interia.pl,,
biblegateway.com,,
braze.com,,
member.sss.gov.ph,,
api.whatsapp.com,,
google.es,,
www.goodreads.com,,
salesforce.com,,
yts.mx,,
destacamos.com,,
mlb.com,,
meet.google.com,,
unotv.com,,
dto.jp,,
haberler.com,,
nairaland.com,,
pornpics.com,,
www.deviantart.com,,
myspace.com,,
www.trendyol.com,,
amazon.co.jp,,
vivo.com,,
tnaflix.com,,
index.hu,,
motherless.com,,
jut.su,,
theatlantic.com,,
ubnt.com,,
www.w3schools.com,,
bdvenlinea.banvenez.com,,
onlinesbi.sbi,,
mcafee.com,,
tabelog.com,,
www.remove.bg,,
seznam.cz,,
scratch.mit.edu,,
nationalgeographic.com,,
www.hepsiburada.com,,
bato.to,,
www.eenadu.net,,
vice.com,,
hln.be,,
chartboost.com,,
goal.com,,
mercadolibre.com.mx,,
vnimanie.pro,,
thscore.mobi,,
state.gov,,
meethue.com,,
a-mo.net,,
salesforceliveagent.com,,
amazon.es,,
sportowefakty.wp.pl,,
xnxx.press,,
1mg.com,,
newsweek.com,,
www.disneyplus.com,,
launchpad.net,,
topmanhua.com,,
sexvid.pro,,
www.thesun.co.uk,,
tsn.ua,,
cnn.com,,
list.am,,
quantummetric.com,,
theconversation.com,,
byjus.com,,
taboola.com,,
synology.com,,
www.bestbuy.com,,
hochi.news,,
xhamster1.desi,,
sportskeeda.com,,
t-online.de,,
www.vg.no,,
accounts.google.com,,
exo.nel.measure.office.net,,
www.pravda.com.ua,,
www.tokopedia.com,,
www.wildberries.ru,,
europa.eu,,
apis.google.com,,
as.com,,
office.com,,
flurry.com,,
webex.com,,
indiamart.com,,
vidazoo.com,,
www.agoda.com,,
clients3.google.com,,
chess.com,,
giphy.com,,
www.ilovepdf.com,,
www.wattpad.com,,
slideshare.net,,
old.reddit.com,,
redhat.com,,
web.facebook.com,,
sina.com.cn,,
trendmicro.com,,
upload.fp.measure.office.com,,
roblox.com,,
google.com.mx,,
openai.com,,
www.flipkart.com,,
centraldasapostas.net,,
mbasic.facebook.com,,
jquery.com,,
google.ca,,
skype.com,,
webmd.com,,
www.ebay.it,,
www.gismeteo.ru,,
oracle.com,,
hotpepper.jp,,
alibaba.com,,
c10r.facebook.com,,
statcounter.com,,
teams.microsoft.com,,
www.marca.com,,
dataservice.protection.outlook.com,,
star.c10r.facebook.com,,
aliexpress.com,,
www.chess.com,,
intel.com,,
www.dropbox.com,,
homepage.vivo.com,,
doi.org,,
www.incometax.gov.in,,
www.creditkarma.com,,
istockphoto.com,,
weebly.com,,
advertising.com,,
acesso.gov.br,,
hentai.name,,
list-manage.com,,
www.idealista.com,,
news.com.au,,
argos.co.uk,,
ge.xhamster.com,,
apa.org,,
rt.pornhub.com,,
protection.outlook.com,,
stats.g.doubleclick.net,,
www.mobile.de,,
www.hurriyet.com.tr,,
ynet.co.il,,
medium.com,,
redd.it,,
www.varzesh3.com,,
tapad.com,,
finance.yahoo.com,,
s3.amazonaws.com,,
www.reddit.com,,
wetter.com,,
target.com,,
www.haberler.com,,
independent.co.uk,,
www.sportybet.com,,
olimpbet.kz,,
google.de,,
upenn.edu,,
techcrunch.com,,
epa.gov,,
netflix.com,,
email.seznam.cz,,
appsflyer.com,,
youporn.com,,
merkur.de,,
creativecommons.org,,
weather.com,,
qorno.com,,
atm-fp-direct.office.com,,
sb.scorecardresearch.com,,
autoplius.lt,,
auone.jp,,
deviantart.com,,
amazon.fr,,
today.line.me,,
nginx.com,,
ruliweb.com,,
scontent.xx.fbcdn.net,,
sentry.io,,
www.n-tv.de,,
speedtest.net,,
life360.com,,
daum.net,,
www.amazon.com,,
ox.ac.uk,,
sexvideos.host,,
applovin.com,,
pornhub.org,,
bartarinha.ir,,
ebay.com,,
br.pinterest.com,,
namasha.com,,
www.xvideos.com,,
imgsrc.ru,,
paypal.com,,
bol.com,,
appier.net,,
fr.pornhub.com,,
ebay.co.uk,,
www.nexusmods.com,,
ja.wikipedia.org,,
marktplaats.nl,,
eepurl.com,,
cloudflareinsights.com,,
inmobi.com,,
direct.lc.chat,,
www.daum.net,,
akismet.com,,
www.target.com,,
mailchimp.com,,
mzstatic.com,,
lijit.com,,
usnews.com,,
yaoilib.me,,
www.elmundo.es,,
time.com,,
linkedin.com,,
